0,180,test,"{""boxes"":false,""text_font"":""Geo"",""text_color"":""#1E5DD0"",""heading_font"":""Josefin Sans"",""background_color"":""#B457A0"",""part_background_color"":""#1E7960""}","2014-10-28T14:35:47.968Z","2014-10-28T14:35:47.968Z"
1,184,twink,"{""boxes"":true,""text_font"":""Josefin Sans"",""text_color"":""#7925D0"",""heading_font"":""Geo"",""background_color"":""#10EF80"",""part_background_color"":""#82FBD0""}","2014-09-30T15:33:48.391Z","2014-09-30T15:33:48.391Z"
2,18,alexanderhadley,"{""boxes"":true,""text_font"":""Text Me One"",""text_color"":""#ddffd4"",""heading_font"":""Dosis"",""background_color"":""#13141f"",""part_background_color"":""#161e30""}","2015-01-08T12:10:18.788Z","2015-01-08T12:10:18.788Z"
3,40,posti.es/by/wakeup,"{""boxes"":true,""text_font"":""Akkurat"",""text_color"":""#141414"",""heading_font"":""Akkurat"",""background_color"":""#f5f5f5"",""part_background_color"":""#ffffff""}","2015-01-19T12:03:46.025Z","2015-01-19T12:03:46.025Z"
4,233,spinnaker,"{""boxes"":true,""text_font"":""Karla"",""text_color"":""#000000"",""heading_font"":""Karla"",""background_color"":""#ffffff"",""part_background_color"":""#ffffff""}","2015-03-27T22:09:37.758Z","2015-03-27T22:09:37.758Z"
5,14,heine/test,"{""boxes"":true,""text_font"":""Akkurat"",""text_color"":""#31498c"",""heading_font"":""Akkurat"",""background_color"":""#bbf8ff"",""part_background_color"":""#bbf8ff""}","2014-10-24T13:50:28.302Z","2014-10-24T13:50:28.302Z"
6,33,asdfsafsd,"{""boxes"":true,""text_font"":""Abril Fatface"",""text_color"":""#2E8C20"",""heading_font"":""Text Me One"",""background_color"":""#0F65A0"",""part_background_color"":""#6FB100""}","2014-09-18T13:20:52.137Z","2014-09-18T13:20:52.137Z"
7,237,quiztime,"{""boxes"":false,""text_font"":""Akkurat"",""text_color"":""#141414"",""heading_font"":""Akkurat"",""background_color"":""#ffffff"",""part_background_color"":""#ffffff""}","2014-11-03T09:39:03.733Z","2014-11-03T09:39:03.733Z"
8,194,asdfaecsdi,"{""boxes"":true,""text_font"":""Akkurat"",""text_color"":""#141414"",""heading_font"":""Akkurat"",""background_color"":""#f5f5f5"",""part_background_color"":""#ffffff""}","2014-09-26T14:15:06.965Z","2014-09-26T14:15:06.965Z"
9,8,aaasdasdasdaa,"{""boxes"":true,""text_font"":""Akkurat"",""text_color"":""#141414"",""heading_font"":""Akkurat"",""background_color"":""#f5f5f5"",""part_background_color"":""#431aa3""}","2014-11-03T14:23:12.899Z","2014-11-03T14:23:12.899Z"
10,292,tellme,"{""boxes"":false,""text_font"":""Josefin Sans"",""text_color"":""#ebe6e6"",""heading_font"":""Reenie Beanie"",""background_color"":""#080404"",""part_background_color"":""#070708""}","2014-09-14T17:49:25.311Z","2014-09-14T17:49:25.311Z"
11,40,wakeup,"{""boxes"":true,""text_font"":""Akkurat"",""text_color"":""#141414"",""heading_font"":""Akkurat"",""background_color"":""#f5f5f5"",""part_background_color"":""#ffffff""}","2015-01-19T12:19:27.458Z","2015-01-19T12:19:27.458Z"
12,145,asdfasdfasdfasdf,"{""boxes"":true,""text_font"":""Inconsolata"",""text_color"":""#65D7C0"",""heading_font"":""Nova Cut"",""background_color"":""#C1D5B0"",""part_background_color"":""#7076D0""}","2014-09-25T15:17:34.778Z","2014-09-25T15:17:34.778Z"
13,257,asdasdasddddd,"{""boxes"":true,""text_font"":""Akkurat"",""text_color"":""#141414"",""heading_font"":""Akkurat"",""background_color"":""#f5f5f5"",""part_background_color"":""#ffffff""}","2014-10-09T17:27:23.883Z","2014-10-09T17:27:23.883Z"
14,54,lollercakes,"{""boxes"":true,""text_font"":""Akkurat"",""text_color"":""#141414"",""heading_font"":""Akkurat"",""background_color"":""#f5f5f5"",""part_background_color"":""#ffffff""}","2014-10-12T21:18:31.556Z","2014-10-12T21:18:31.556Z"
15,1,fhab,"{""boxes"":false,""text_font"":""Akkurat"",""text_color"":""#000000"",""heading_font"":""Akkurat"",""background_color"":""#ffffff"",""part_background_color"":""#843A50""}","2015-03-17T01:32:39.094Z","2015-03-17T01:32:39.094Z"
16,245,myscat,"{""boxes"":false,""text_font"":""Abril Fatface"",""text_color"":""#7F54B0"",""heading_font"":""Libre Baskerville"",""background_color"":""#AE2C20"",""part_background_color"":""#D87950""}","2014-09-26T08:25:38.360Z","2014-09-26T08:25:38.360Z"
17,97,www.tarabaxter.com,"{""boxes"":true,""text_font"":""Akkurat"",""text_color"":""#141414"",""heading_font"":""Akkurat"",""background_color"":""#f5f5f5"",""part_background_color"":""#ffffff""}","2015-01-02T23:37:18.763Z","2015-01-02T23:37:18.763Z"
18,35,asdfceece,"{""boxes"":true,""text_font"":""Akkurat"",""text_color"":""#141414"",""heading_font"":""Akkurat"",""background_color"":""#f5f5f5"",""part_background_color"":""#ffffff""}","2014-10-04T17:19:33.531Z","2014-10-04T17:19:33.531Z"
19,8,asddddaaa,"{""boxes"":true,""text_font"":""Akkurat"",""text_color"":""#141414"",""heading_font"":""Akkurat"",""background_color"":""#f5f5f5"",""part_background_color"":""#ffffff""}","2014-10-23T12:20:46.739Z","2014-10-23T12:20:46.739Z"
20,116,leifx,"{""boxes"":true,""text_font"":""sans-serif"",""text_color"":""#141414"",""heading_font"":""sans-serif"",""background_color"":""#f5f5f5"",""part_background_color"":""#ffffff""}","2014-09-10T16:15:28.678Z","2014-09-10T16:15:28.678Z"
21,276,performancegrammar,"{""boxes"":true,""text_font"":""Akkurat"",""text_color"":""#141414"",""heading_font"":""Akkurat"",""background_color"":""#f5f5f5"",""part_background_color"":""#ffffff""}","2015-02-16T15:03:58.438Z","2015-02-16T15:03:58.438Z"
22,53,vgjvfjcfhk,"{""boxes"":true,""text_font"":""Akkurat"",""text_color"":""#141414"",""heading_font"":""Akkurat"",""background_color"":""#f5f5f5"",""part_background_color"":""#ffffff""}","2014-10-12T14:51:26.370Z","2014-10-12T14:51:26.370Z"
23,2,hunddrommar,"{""boxes"":true,""text_font"":""Akkurat"",""text_color"":""#141414"",""heading_font"":""Akkurat"",""background_color"":""#f5f5f5"",""part_background_color"":""#ffffff""}","2014-10-24T13:57:58.572Z","2014-10-24T13:57:58.572Z"
24,192,ddsdfgsdfg,"{""boxes"":true,""text_font"":""Akkurat"",""text_color"":""#141414"",""heading_font"":""Akkurat"",""background_color"":""#f5f5f5"",""part_background_color"":""#ffffff""}","2014-09-26T15:37:38.297Z","2014-09-26T15:37:38.297Z"
25,144,thepolice,"{""boxes"":false,""text_font"":""Anonymous Pro"",""text_color"":""#873830"",""heading_font"":""Old Standard TT"",""background_color"":""#4F0310"",""part_background_color"":""#EDB180""}","2015-02-13T09:14:24.609Z","2015-02-13T09:14:24.609Z"
26,18,alexanderhadley+nobelnightcap,"{""boxes"":true,""text_font"":""Text Me One"",""text_color"":""#ddffd4"",""heading_font"":""Dosis"",""background_color"":""#13141f"",""part_background_color"":""#161e30""}","2014-12-14T21:05:09.717Z","2014-12-14T21:05:09.717Z"
27,148,asdfagraede,"{""boxes"":true,""text_font"":""Akkurat"",""text_color"":""#141414"",""heading_font"":""Akkurat"",""background_color"":""#f5f5f5"",""part_background_color"":""#ffffff""}","2014-10-04T12:41:29.956Z","2014-10-04T12:41:29.956Z"
28,8,leifi,"{""boxes"":false,""text_font"":""Italiana"",""text_color"":""#4C7ED0"",""heading_font"":""Rokkitt"",""background_color"":""#125B20"",""part_background_color"":""#555AE0""}","2014-09-10T16:19:10.109Z","2014-09-10T16:19:10.109Z"
29,87,lokner,"{""boxes"":true,""text_font"":""Akkurat"",""text_color"":""#141414"",""heading_font"":""Akkurat"",""background_color"":""#f5f5f5"",""part_background_color"":""#ffffff""}","2014-10-24T16:01:22.582Z","2014-10-24T16:01:22.582Z"
30,80,davidsundin,"{""boxes"":true,""text_font"":""Josefin Sans"",""text_color"":""#2d2d2e"",""heading_font"":""Text Me One"",""background_color"":""#f79eb4"",""part_background_color"":""#e5fff5""}","2014-10-24T19:34:07.104Z","2014-10-24T19:34:07.104Z"
31,248,posti.es/by/teoksantiago,"{""boxes"":true,""text_font"":""Akkurat"",""text_color"":""#141414"",""heading_font"":""Akkurat"",""background_color"":""#ffffff"",""part_background_color"":""#88ffcf""}","2015-03-25T20:21:51.053Z","2015-03-25T20:21:51.053Z"
32,81,google.com,"{""boxes"":true,""text_font"":""Akkurat"",""text_color"":""#141414"",""heading_font"":""Akkurat"",""background_color"":""#f5f5f5"",""part_background_color"":""#ffffff""}","2014-12-08T01:38:41.919Z","2014-12-08T01:38:41.919Z"
33,57,oliviatedford.com,"{""boxes"":false,""text_font"":""Dosis"",""text_color"":""#a0a1a3"",""heading_font"":""Anonymous Pro"",""background_color"":""#ffffff"",""part_background_color"":""#ffffff""}","2015-03-26T01:57:56.005Z","2015-03-26T01:57:56.005Z"
34,197,kittenmitten,"{""boxes"":true,""text_font"":""Libre Baskerville"",""text_color"":""#fafbff"",""heading_font"":""Akkurat"",""background_color"":""#f1dff7"",""part_background_color"":""#ff6f6d""}","2014-10-10T13:55:42.383Z","2014-10-10T13:55:42.383Z"
35,267,edoardocivitella.com,"{""boxes"":false,""text_font"":""Akkurat"",""text_color"":""#141414"",""heading_font"":""Old Standard TT"",""background_color"":""#f5f5f5"",""part_background_color"":""#090a0f""}","2014-12-15T11:59:05.564Z","2014-12-15T11:59:05.564Z"
36,281,gangsta,"{""boxes"":true,""text_font"":""Open Sans"",""text_color"":""#141414"",""heading_font"":""Akkurat"",""background_color"":""#f5f5f5"",""part_background_color"":""#ffffff""}","2014-10-29T08:30:08.025Z","2014-10-29T08:30:08.025Z"
37,230,mannen,"{""boxes"":false,""text_font"":""Inconsolata"",""text_color"":""#313236"",""heading_font"":""EB Garamond"",""background_color"":""#cdd1cb"",""part_background_color"":""#78476a""}","2014-09-13T19:37:38.944Z","2014-09-13T19:37:38.944Z"
38,155,festen@gmail.com,"{""boxes"":false,""text_font"":""Akkurat"",""text_color"":""#141414"",""heading_font"":""Fredoka One"",""background_color"":""#f5f5f5"",""part_background_color"":""#ffffff""}","2015-01-26T12:02:24.490Z","2015-01-26T12:02:24.490Z"
39,110,soundwave,"{""boxes"":true,""text_font"":""Open Sans"",""text_color"":""#E94C50"",""heading_font"":""Nova Cut"",""background_color"":""#9841B0"",""part_background_color"":""#16A160""}","2014-10-09T11:02:12.954Z","2014-10-09T11:02:12.954Z"
40,3,webroot,"{""boxes"":false,""text_font"":""Arvo"",""text_color"":""#ffffff"",""heading_font"":""Akkurat"",""background_color"":""#266139"",""part_background_color"":""#ffffff""}","2015-02-19T10:10:48.438Z","2015-02-19T10:10:48.438Z"
41,8,addsss,"{""boxes"":false,""text_font"":""Inconsolata"",""text_color"":""#141414"",""heading_font"":""Akkurat"",""background_color"":""#f5f5f5"",""part_background_color"":""#ffffff""}","2014-10-24T14:03:25.899Z","2014-10-24T14:03:25.899Z"
42,232,johnoverip,"{""boxes"":true,""text_font"":""Rokkitt"",""text_color"":""#141414"",""heading_font"":""Raleway"",""background_color"":""#f5f5f5"",""part_background_color"":""#ffffff""}","2014-09-12T22:41:08.641Z","2014-09-12T22:41:08.641Z"
43,211,italy,"{""boxes"":false,""text_font"":""Akkurat"",""text_color"":""#ff032d"",""heading_font"":""Akkurat"",""background_color"":""#01f021"",""part_background_color"":""#00e636""}","2014-10-15T22:16:00.948Z","2014-10-15T22:16:00.948Z"
44,84,sannawickman,"{""boxes"":false,""text_font"":""Text Me One"",""text_color"":""#141414"",""heading_font"":""Text Me One"",""background_color"":""#e2fff5"",""part_background_color"":""#ffffff""}","2014-10-15T22:23:12.596Z","2014-10-15T22:23:12.596Z"
45,42,sister,"{""boxes"":false,""text_font"":""Neuton"",""text_color"":""#646566"",""heading_font"":""Akkurat"",""background_color"":""#d2dbf7"",""part_background_color"":""#f5f5f5""}","2014-11-14T07:52:03.534Z","2014-11-14T07:52:03.534Z"
46,207,loldogsloldogs,"{""boxes"":true,""text_font"":""Akkurat"",""text_color"":""#141414"",""heading_font"":""Akkurat"",""background_color"":""#f5f5f5"",""part_background_color"":""#ffffff""}","2014-09-23T21:39:35.326Z","2014-09-23T21:39:35.326Z"
47,33,asdfsafsd,"{""boxes"":true,""text_font"":""Abril Fatface"",""text_color"":""#2E8C20"",""heading_font"":""Text Me One"",""background_color"":""#0F65A0"",""part_background_color"":""#6FB100""}","2014-09-18T13:20:44.552Z","2014-09-18T13:20:44.552Z"
48,99,lollcatdfd,"{""boxes"":true,""text_font"":""Akkurat"",""text_color"":""#141414"",""heading_font"":""Akkurat"",""background_color"":""#f5f5f5"",""part_background_color"":""#ffffff""}","2014-09-26T15:57:41.881Z","2014-09-26T15:57:41.881Z"
49,75,sadfasdfasdf,"{""boxes"":true,""text_font"":""Akkurat"",""text_color"":""#141414"",""heading_font"":""Akkurat"",""background_color"":""#f5f5f5"",""part_background_color"":""#ffffff""}","2014-09-26T12:34:36.898Z","2014-09-26T12:34:36.898Z"
50,8,testet,"{""boxes"":true,""text_font"":""Akkurat"",""text_color"":""#141414"",""heading_font"":""Akkurat"",""background_color"":""#f5f5f5"",""part_background_color"":""#ffffff""}","2014-11-04T17:35:46.539Z","2014-11-04T17:35:46.539Z"
51,171,testicek,"{""boxes"":true,""text_font"":""Text Me One"",""text_color"":""#E30DC0"",""heading_font"":""EB Garamond"",""background_color"":""#640A60"",""part_background_color"":""#4A4820""}","2015-01-27T14:29:57.084Z","2015-01-27T14:29:57.084Z"
52,70,pelle,"{""boxes"":true,""text_font"":""Akkurat"",""text_color"":""#141414"",""heading_font"":""Akkurat"",""background_color"":""#98e2ff"",""part_background_color"":""#ffffff""}","2014-09-25T18:32:58.556Z","2014-09-25T18:32:58.556Z"
53,77,iliketurtles,"{""boxes"":true,""text_font"":""Italiana"",""text_color"":""#49ff9b"",""heading_font"":""Akkurat"",""background_color"":""#ffa9a3"",""part_background_color"":""#ff033e""}","2014-10-24T16:16:33.615Z","2014-10-24T16:16:33.615Z"
54,224,asd,"{""boxes"":true,""text_font"":""Akkurat"",""text_color"":""#141414"",""heading_font"":""Akkurat"",""background_color"":""#f5f5f5"",""part_background_color"":""#ffffff""}","2014-09-26T11:41:42.217Z","2014-09-26T11:41:42.217Z"
55,254,http://malingabriella.com,"{""boxes"":true,""text_font"":""Akkurat"",""text_color"":""#141414"",""heading_font"":""Akkurat"",""background_color"":""#f5f5f5"",""part_background_color"":""#ffffff""}","2015-01-21T05:38:40.020Z","2015-01-21T05:38:40.020Z"
56,3,mos-maiorum,"{""boxes"":true,""text_font"":""Akkurat"",""text_color"":""#141414"",""heading_font"":""Akkurat"",""background_color"":""#ffffff"",""part_background_color"":""#ffffff""}","2014-10-10T13:54:04.004Z","2014-10-10T13:54:04.004Z"
57,200,teokchile,"{""boxes"":true,""text_font"":""Akkurat"",""text_color"":""#141414"",""heading_font"":""Akkurat"",""background_color"":""#f5f5f5"",""part_background_color"":""#ffffff""}","2015-03-25T20:49:23.457Z","2015-03-25T20:49:23.457Z"
58,3,antontrollback,"{""boxes"":true,""text_font"":""Akkurat"",""text_color"":""#141414"",""heading_font"":""Akkurat"",""background_color"":""#98e2ff"",""part_background_color"":""#ffffff""}","2014-10-07T09:19:56.034Z","2014-10-07T09:19:56.034Z"
59,96,vintagedaydream,"{""boxes"":true,""text_font"":""Akkurat"",""text_color"":""#141414"",""heading_font"":""Akkurat"",""background_color"":""#ffffff"",""part_background_color"":""#ffffff""}","2014-12-15T22:19:30.064Z","2014-12-15T22:19:30.064Z"
60,32,aasdfasdfasdfasdfa,"{""boxes"":true,""text_font"":""Akkurat"",""text_color"":""#141414"",""heading_font"":""Akkurat"",""background_color"":""#f5f5f5"",""part_background_color"":""#ffffff""}","2014-10-08T22:22:48.379Z","2014-10-08T22:22:48.379Z"
61,18,alexabderhadley/wwf,"{""boxes"":true,""text_font"":""Akkurat"",""text_color"":""#141414"",""heading_font"":""Akkurat"",""background_color"":""#f5f5f5"",""part_background_color"":""#ffffff""}","2014-12-03T14:00:44.221Z","2014-12-03T14:00:44.221Z"
62,18,posti.es/alexanderhadley/wwf,"{""boxes"":true,""text_font"":""Akkurat"",""text_color"":""#141414"",""heading_font"":""Akkurat"",""background_color"":""#f5f5f5"",""part_background_color"":""#ffffff""}","2014-12-03T14:02:08.290Z","2014-12-03T14:02:08.290Z"
63,262,herro,"{""boxes"":true,""text_font"":""Inconsolata"",""text_color"":""#141414"",""heading_font"":""Akkurat"",""background_color"":""#f5f5f5"",""part_background_color"":""#ffffff""}","2014-11-27T10:04:40.838Z","2014-11-27T10:04:40.838Z"
64,179,thomas,"{""boxes"":true,""text_font"":""Akkurat"",""text_color"":""#141414"",""heading_font"":""Akkurat"",""background_color"":""#f5f5f5"",""part_background_color"":""#ffffff""}","2014-11-05T19:33:47.939Z","2014-11-05T19:33:47.939Z"
65,85,honestprocessscotland.,"{""boxes"":true,""text_font"":""Akkurat"",""text_color"":""#141414"",""heading_font"":""Akkurat"",""background_color"":""#f5f5f5"",""part_background_color"":""#ffffff""}","2014-12-31T00:48:11.084Z","2014-12-31T00:48:11.084Z"
66,228,karinhagen,"{""boxes"":false,""text_font"":""Akkurat"",""text_color"":""#141414"",""heading_font"":""Akkurat"",""background_color"":""#ffffff"",""part_background_color"":""#ffffff""}","2014-11-18T14:48:12.815Z","2014-11-18T14:48:12.815Z"
67,124,thisllolol,"{""boxes"":true,""text_font"":""Akkurat"",""text_color"":""#8B0240"",""heading_font"":""Geo"",""background_color"":""#AC97E0"",""part_background_color"":""#71F650""}","2014-09-23T23:16:24.485Z","2014-09-23T23:16:24.485Z"
68,259,hejhejhejhej,"{""boxes"":false,""text_font"":""Raleway"",""text_color"":""#85EB60"",""heading_font"":""VT323"",""background_color"":""#685770"",""part_background_color"":""#AB76C0""}","2014-09-23T22:36:31.770Z","2014-09-23T22:36:31.770Z"
69,190,tester,"{""boxes"":true,""text_font"":""sans-serif"",""text_color"":""#141414"",""heading_font"":""sans-serif"",""background_color"":""#f5f5f5"",""part_background_color"":""#ffffff""}","2014-09-15T19:32:09.984Z","2014-09-15T19:32:09.984Z"
70,174,teok,"{""boxes"":true,""text_font"":""Akkurat"",""text_color"":""#141414"",""heading_font"":""Akkurat"",""background_color"":""#ffffff"",""part_background_color"":""#ffffff""}","2015-03-21T19:40:23.006Z","2015-03-21T19:40:23.006Z"
71,44,hilary,"{""boxes"":true,""text_font"":""sans-serif"",""text_color"":""#141414"",""heading_font"":""sans-serif"",""background_color"":""#f5f5f5"",""part_background_color"":""#ffffff""}","2014-09-13T17:34:02.554Z","2014-09-13T17:34:02.554Z"
72,18,alexanderhadley+hugoboss,"{""boxes"":true,""text_font"":""Text Me One"",""text_color"":""#ddffd4"",""heading_font"":""Dosis"",""background_color"":""#13141f"",""part_background_color"":""#161e30""}","2014-12-04T10:59:57.293Z","2014-12-04T10:59:57.293Z"
73,269,asdjdjdj,"{""boxes"":true,""text_font"":""Akkurat"",""text_color"":""#141414"",""heading_font"":""Akkurat"",""background_color"":""#f5f5f5"",""part_background_color"":""#ffffff""}","2014-09-26T12:24:15.467Z","2014-09-26T12:24:15.467Z"
74,95,asdfasdfsadf,"{""boxes"":true,""text_font"":""Akkurat"",""text_color"":""#141414"",""heading_font"":""Akkurat"",""background_color"":""#f5f5f5"",""part_background_color"":""#ffffff""}","2014-09-26T12:22:25.980Z","2014-09-26T12:22:25.980Z"
75,214,testtest,"{""boxes"":false,""text_font"":""Lora"",""text_color"":""#505152"",""heading_font"":""Akkurat"",""background_color"":""#ffffff"",""part_background_color"":""#ffffff""}","2014-11-12T19:34:20.043Z","2014-11-12T19:34:20.043Z"
76,84,sanna,"{""boxes"":true,""text_font"":""sans-serif"",""text_color"":""#141414"",""heading_font"":""sans-serif"",""background_color"":""#f5f5f5"",""part_background_color"":""#ffffff""}","2014-09-15T10:22:17.797Z","2014-09-15T10:22:17.797Z"
77,182,schoolofknots,"{""boxes"":false,""text_font"":""Akkurat"",""text_color"":""#141414"",""heading_font"":""Akkurat"",""background_color"":""#e1edf7"",""part_background_color"":""#ffffff""}","2014-11-13T00:00:20.669Z","2014-11-13T00:00:20.669Z"
78,169,leonathorst,"{""boxes"":true,""text_font"":""Source Sans Pro"",""text_color"":""#fafbff"",""heading_font"":""Libre Baskerville"",""background_color"":""#ff80a2"",""part_background_color"":""#ba0252""}","2014-09-29T14:12:23.207Z","2014-09-29T14:12:23.207Z"
79,10,hellooo,"{""boxes"":false,""text_font"":""Reenie Beanie"",""text_color"":""#131411"",""heading_font"":""Anonymous Pro"",""background_color"":""#dbffe6"",""part_background_color"":""#1CC530""}","2015-02-26T09:55:49.891Z","2015-02-26T09:55:49.891Z"
80,28,gun.karlsson@hyperisland.se,"{""boxes"":true,""text_font"":""Akkurat"",""text_color"":""#141414"",""heading_font"":""Akkurat"",""background_color"":""#f5f5f5"",""part_background_color"":""#f5f5f5""}","2014-11-18T17:04:42.747Z","2014-11-18T17:04:42.747Z"
81,45,onecityunderagroove,"{""boxes"":true,""text_font"":""Akkurat"",""text_color"":""#141414"",""heading_font"":""Akkurat"",""background_color"":""#f5f5f5"",""part_background_color"":""#ffffff""}","2015-02-27T14:59:44.250Z","2015-02-27T14:59:44.250Z"
82,50,brodolfo,"{""boxes"":true,""text_font"":""sans-serif"",""text_color"":""#d1b8b8"",""heading_font"":""Libre Baskerville"",""background_color"":""#66e3ff"",""part_background_color"":""#ffffff""}","2014-09-12T07:37:37.622Z","2014-09-12T07:37:37.622Z"
83,231,runnin,"{""boxes"":true,""text_font"":""Akkurat"",""text_color"":""#141414"",""heading_font"":""Akkurat"",""background_color"":""#f5f5f5"",""part_background_color"":""#ffffff""}","2014-11-09T13:50:08.320Z","2014-11-09T13:50:08.320Z"
84,3,antontrollback,"{""boxes"":true,""text_font"":""Akkurat"",""text_color"":""#141414"",""heading_font"":""Akkurat"",""background_color"":""#98e2ff"",""part_background_color"":""#ffffff""}","2014-10-07T09:19:56.034Z","2014-10-07T09:19:56.034Z"
85,166,asdfasdf,"{""boxes"":false,""text_font"":""Akkurat"",""text_color"":""#141414"",""heading_font"":""Akkurat"",""background_color"":""#ffffff"",""part_background_color"":""#f1fff5""}","2014-10-07T09:18:32.620Z","2014-10-07T09:18:32.620Z"
86,220,joebloe,"{""boxes"":true,""text_font"":""sans-serif"",""text_color"":""#141414"",""heading_font"":""sans-serif"",""background_color"":""#f5f5f5"",""part_background_color"":""#ffffff""}","2014-09-23T20:33:57.672Z","2014-09-23T20:33:57.672Z"
87,3,antontrollback,"{""boxes"":true,""text_font"":""Akkurat"",""text_color"":""#141414"",""heading_font"":""Akkurat"",""background_color"":""#98e2ff"",""part_background_color"":""#ffffff""}","2014-10-07T09:19:56.034Z","2014-10-07T09:19:56.034Z"
88,142,bdnsksv,"{""boxes"":false,""text_font"":""Akkurat"",""text_color"":""#141414"",""heading_font"":""Geo"",""background_color"":""#f5f5f5"",""part_background_color"":""#ffffff""}","2014-10-04T22:16:40.121Z","2014-10-04T22:16:40.121Z"
89,3,facts,"{""boxes"":true,""text_font"":""Akkurat"",""text_color"":""#141414"",""heading_font"":""Akkurat"",""background_color"":""#000000"",""part_background_color"":""#ffffff""}","2014-10-10T13:34:09.814Z","2014-10-10T13:34:09.814Z"
90,175,asdfas,"{""boxes"":true,""text_font"":""Akkurat"",""text_color"":""#141414"",""heading_font"":""Akkurat"",""background_color"":""#f5f5f5"",""part_background_color"":""#ffffff""}","2014-09-26T12:18:59.800Z","2014-09-26T12:18:59.800Z"
91,107,hemligt,"{""boxes"":false,""text_font"":""Neuton"",""text_color"":""#141414"",""heading_font"":""Neuton"",""background_color"":""#ffffff"",""part_background_color"":""#ffffff""}","2015-01-30T19:05:20.651Z","2015-01-30T19:05:20.651Z"
92,3,antontrollback,"{""boxes"":true,""text_font"":""Akkurat"",""text_color"":""#141414"",""heading_font"":""Akkurat"",""background_color"":""#98e2ff"",""part_background_color"":""#ffffff""}","2014-10-07T09:19:56.034Z","2014-10-07T09:19:56.034Z"
93,208,asdfasdfasdf1231,"{""boxes"":true,""text_font"":""Akkurat"",""text_color"":""#141414"",""heading_font"":""Akkurat"",""background_color"":""#f5f5f5"",""part_background_color"":""#ffffff""}","2015-02-19T11:00:55.710Z","2015-02-19T11:00:55.710Z"
94,164,hkn,"{""boxes"":true,""text_font"":""Archivo Narrow"",""text_color"":""#689399"",""heading_font"":""Archivo Narrow"",""background_color"":""#b8ffe1"",""part_background_color"":""#e7fffc""}","2014-11-13T11:04:58.160Z","2014-11-13T11:04:58.160Z"
95,20,desavoueraslim,"{""boxes"":true,""text_font"":""Akkurat"",""text_color"":""#141414"",""heading_font"":""Akkurat"",""background_color"":""#f5f5f5"",""part_background_color"":""#ffffff""}","2014-10-24T14:39:49.597Z","2014-10-24T14:39:49.597Z"
96,8,llaaaaa,"{""boxes"":true,""text_font"":""Akkurat"",""text_color"":""#141414"",""heading_font"":""Akkurat"",""background_color"":""#f5f5f5"",""part_background_color"":""#ffffff""}","2014-11-02T13:51:31.930Z","2014-11-02T13:51:31.930Z"
97,52,asdasaaaa,"{""boxes"":true,""text_font"":""Akkurat"",""text_color"":""#141414"",""heading_font"":""Akkurat"",""background_color"":""#f5f5f5"",""part_background_color"":""#ffffff""}","2014-10-08T18:28:04.337Z","2014-10-08T18:28:04.337Z"
98,86,hunddrÃ¶mmar,"{""boxes"":true,""text_font"":""Akkurat"",""text_color"":""#141414"",""heading_font"":""Akkurat"",""background_color"":""#f5f5f5"",""part_background_color"":""#ffffff""}","2014-10-24T13:56:17.882Z","2014-10-24T13:56:17.882Z"
99,23,istanbulistan.tumblr.com,"{""boxes"":true,""text_font"":""Akkurat"",""text_color"":""#141414"",""heading_font"":""Akkurat"",""background_color"":""#f5f5f5"",""part_background_color"":""#ffffff""}","2015-02-07T15:20:52.024Z","2015-02-07T15:20:52.024Z"
100,298,heheheheh,"{""boxes"":true,""text_font"":""Akkurat"",""text_color"":""#141414"",""heading_font"":""Akkurat"",""background_color"":""#f5f5f5"",""part_background_color"":""#ffffff""}","2014-09-23T23:15:14.109Z","2014-09-23T23:15:14.109Z"
101,33,asdfsafsd,"{""boxes"":true,""text_font"":""Abril Fatface"",""text_color"":""#2E8C20"",""heading_font"":""Text Me One"",""background_color"":""#0F65A0"",""part_background_color"":""#6FB100""}","2014-09-18T13:20:47.522Z","2014-09-18T13:20:47.522Z"
102,18,alexanderhadley+mindrush,"{""boxes"":true,""text_font"":""Text Me One"",""text_color"":""#ddffd4"",""heading_font"":""Dosis"",""background_color"":""#13141f"",""part_background_color"":""#161e30""}","2014-12-04T10:49:37.519Z","2014-12-04T10:49:37.519Z"
103,299,fghbbk,"{""boxes"":true,""text_font"":""Akkurat"",""text_color"":""#141414"",""heading_font"":""Akkurat"",""background_color"":""#f5f5f5"",""part_background_color"":""#ffffff""}","2015-01-09T10:53:18.642Z","2015-01-09T10:53:18.642Z"
104,280,asdasdaaaaa,"{""boxes"":true,""text_font"":""Akkurat"",""text_color"":""#141414"",""heading_font"":""Akkurat"",""background_color"":""#f5f5f5"",""part_background_color"":""#ffffff""}","2014-10-08T18:30:13.640Z","2014-10-08T18:30:13.640Z"
105,143,jfkvk,"{""boxes"":true,""text_font"":""Akkurat"",""text_color"":""#141414"",""heading_font"":""Akkurat"",""background_color"":""#f5f5f5"",""part_background_color"":""#ffffff""}","2014-10-10T17:59:08.224Z","2014-10-10T17:59:08.224Z"
106,241,lol,"{""boxes"":true,""text_font"":""Italiana"",""text_color"":""#14EEC0"",""heading_font"":""Italiana"",""background_color"":""#B15140"",""part_background_color"":""#9A6340""}","2014-09-23T14:53:28.441Z","2014-09-23T14:53:28.441Z"
107,199,valvaka,"{""boxes"":false,""text_font"":""sans-serif"",""text_color"":""#828181"",""heading_font"":""sans-serif"",""background_color"":""#f5f5f5"",""part_background_color"":""#ffffff""}","2014-09-14T19:32:33.257Z","2014-09-14T19:32:33.257Z"
108,63,thisisatestfileimageyes,"{""boxes"":true,""text_font"":""Akkurat"",""text_color"":""#141414"",""heading_font"":""Akkurat"",""background_color"":""#f5f5f5"",""part_background_color"":""#ffffff""}","2015-03-20T17:53:45.204Z","2015-03-20T17:53:45.204Z"
109,166,asdfasdf,"{""boxes"":false,""text_font"":""Akkurat"",""text_color"":""#141414"",""heading_font"":""Akkurat"",""background_color"":""#ffffff"",""part_background_color"":""#f1fff5""}","2014-10-07T09:18:32.620Z","2014-10-07T09:18:32.620Z"
110,71,ddd,"{""boxes"":true,""text_font"":""Akkurat"",""text_color"":""#141414"",""heading_font"":""Akkurat"",""background_color"":""#f5f5f5"",""part_background_color"":""#ffffff""}","2014-11-02T14:22:00.898Z","2014-11-02T14:22:00.898Z"
111,21,sanningen,"{""boxes"":true,""text_font"":""sans-serif"",""text_color"":""#141414"",""heading_font"":""sans-serif"",""background_color"":""#f5f5f5"",""part_background_color"":""#ffffff""}","2014-09-25T14:34:27.002Z","2014-09-25T14:34:27.002Z"
112,214,70,"{""boxes"":false,""text_font"":""Karla"",""text_color"":""#282829"",""heading_font"":""Akkurat"",""background_color"":""#ffffff"",""part_background_color"":""#ffffff""}","2014-11-13T08:27:20.931Z","2014-11-13T08:27:20.931Z"
113,13,tðŸ˜Šr,"{""boxes"":true,""text_font"":""Akkurat"",""text_color"":""#141414"",""heading_font"":""Akkurat"",""background_color"":""#f5f5f5"",""part_background_color"":""#ffffff""}","2014-10-15T22:26:52.122Z","2014-10-15T22:26:52.122Z"
114,268,asdfasdfasdfasdfasdf,"{""boxes"":true,""text_font"":""Akkurat"",""text_color"":""#141414"",""heading_font"":""Akkurat"",""background_color"":""#f5f5f5"",""part_background_color"":""#ffffff""}","2014-09-23T21:36:22.973Z","2014-09-23T21:36:22.973Z"
115,18,alexanderhadley+nordeainnovationchallenge,"{""boxes"":true,""text_font"":""Text Me One"",""text_color"":""#ddffd4"",""heading_font"":""Dosis"",""background_color"":""#13141f"",""part_background_color"":""#161e30""}","2014-12-04T11:04:42.507Z","2014-12-04T11:04:42.507Z"
116,16,aaaddd,"{""boxes"":true,""text_font"":""Akkurat"",""text_color"":""#141414"",""heading_font"":""Akkurat"",""background_color"":""#f5f5f5"",""part_background_color"":""#ffffff""}","2014-10-08T18:31:30.409Z","2014-10-08T18:31:30.409Z"
117,8,lolz,"{""boxes"":true,""text_font"":""Akkurat"",""text_color"":""#141414"",""heading_font"":""Akkurat"",""background_color"":""#f5f5f5"",""part_background_color"":""#ffffff""}","2014-10-26T13:04:09.246Z","2014-10-26T13:04:09.246Z"
118,278,ksbsjsv,"{""boxes"":true,""text_font"":""Akkurat"",""text_color"":""#141414"",""heading_font"":""Akkurat"",""background_color"":""#f5f5f5"",""part_background_color"":""#ffffff""}","2014-10-10T17:43:34.859Z","2014-10-10T17:43:34.859Z"
119,56,nima,"{""boxes"":false,""text_font"":""Akkurat"",""text_color"":""#ff54b8"",""heading_font"":""Text Me One"",""background_color"":""#ffffff"",""part_background_color"":""#ffffff""}","2014-10-30T08:59:18.198Z","2014-10-30T08:59:18.198Z"
120,222,rolfz,"{""boxes"":true,""text_font"":""sans-serif"",""text_color"":""#141414"",""heading_font"":""sans-serif"",""background_color"":""#f5f5f5"",""part_background_color"":""#ffffff""}","2014-09-10T07:26:36.311Z","2014-09-10T07:26:36.311Z"
121,3,test6,"{""boxes"":true,""text_font"":""Akkurat"",""text_color"":""#141414"",""heading_font"":""Akkurat"",""background_color"":""#f5f5f5"",""part_background_color"":""#ffffff""}","2014-10-10T14:19:53.974Z","2014-10-10T14:19:53.974Z"
122,166,asdfasdf,"{""boxes"":false,""text_font"":""Akkurat"",""text_color"":""#141414"",""heading_font"":""Akkurat"",""background_color"":""#ffffff"",""part_background_color"":""#f1fff5""}","2014-10-07T09:18:32.620Z","2014-10-07T09:18:32.620Z"
123,126,igunnggn,"{""boxes"":false,""text_font"":""Nova Cut"",""text_color"":""#BF7B00"",""heading_font"":""Text Me One"",""background_color"":""#C62830"",""part_background_color"":""#1F10D0""}","2014-09-26T15:44:52.107Z","2014-09-26T15:44:52.107Z"
124,88,wduup,"{""boxes"":true,""text_font"":""Akkurat"",""text_color"":""#141414"",""heading_font"":""Akkurat"",""background_color"":""#f5f5f5"",""part_background_color"":""#ffffff""}","2014-10-10T20:48:41.256Z","2014-10-10T20:48:41.256Z"
125,108,sophia,"{""boxes"":true,""text_font"":""sans-serif"",""text_color"":""#141414"",""heading_font"":""sans-serif"",""background_color"":""#f5f5f5"",""part_background_color"":""#ffffff""}","2014-09-10T11:48:43.290Z","2014-09-10T11:48:43.290Z"
126,219,arketype,"{""boxes"":true,""text_font"":""Fredoka One"",""text_color"":""#141414"",""heading_font"":""Abril Fatface"",""background_color"":""#f5f5f5"",""part_background_color"":""#ffffff""}","2014-09-26T21:34:08.080Z","2014-09-26T21:34:08.080Z"
127,3,test7,"{""boxes"":true,""text_font"":""Akkurat"",""text_color"":""#141414"",""heading_font"":""Akkurat"",""background_color"":""#f5f5f5"",""part_background_color"":""#ffffff""}","2014-10-10T14:30:28.029Z","2014-10-10T14:30:28.029Z"
128,152,kittigodo,"{""boxes"":true,""text_font"":""Akkurat"",""text_color"":""#141414"",""heading_font"":""Akkurat"",""background_color"":""#f5f5f5"",""part_background_color"":""#ffffff""}","2014-11-05T13:14:34.879Z","2014-11-05T13:14:34.879Z"
129,55,this-is-so-amazing,"{""boxes"":true,""text_font"":""Akkurat"",""text_color"":""#141414"",""heading_font"":""Akkurat"",""background_color"":""#f5f5f5"",""part_background_color"":""#ffffff""}","2014-11-21T16:54:37.112Z","2014-11-21T16:54:37.112Z"
130,18,alexanderhadley+productdesign+oak,"{""boxes"":true,""text_font"":""Text Me One"",""text_color"":""#ddffd4"",""heading_font"":""Dosis"",""background_color"":""#13141f"",""part_background_color"":""#161e30""}","2014-12-14T20:58:23.584Z","2014-12-14T20:58:23.584Z"
131,140,yoakeem,"{""boxes"":true,""text_font"":""Akkurat"",""text_color"":""#141414"",""heading_font"":""Akkurat"",""background_color"":""#f5f5f5"",""part_background_color"":""#ffffff""}","2015-02-12T13:01:10.567Z","2015-02-12T13:01:10.567Z"
132,149,k,"{""boxes"":false,""text_font"":""EB Garamond"",""text_color"":""#3FFAE0"",""heading_font"":""Cherry Swash"",""background_color"":""#D09E90"",""part_background_color"":""#7DACF0""}","2014-10-10T19:12:19.150Z","2014-10-10T19:12:19.150Z"
133,127,adasd,"{""boxes"":false,""text_font"":""Akkurat"",""text_color"":""#141414"",""heading_font"":""Akkurat"",""background_color"":""#ffffff"",""part_background_color"":""#ffffff""}","2014-11-12T20:33:06.874Z","2014-11-12T20:33:06.874Z"
134,272,anton,"{""boxes"":false,""text_font"":""Akkurat"",""text_color"":""#141414"",""heading_font"":""Akkurat"",""background_color"":""#f5f5f5"",""part_background_color"":""#ffffff""}","2014-11-03T10:26:24.289Z","2014-11-03T10:26:24.289Z"
135,79,rugeuh,"{""boxes"":true,""text_font"":""Akkurat"",""text_color"":""#fafbff"",""heading_font"":""Fredoka One"",""background_color"":""#69c754"",""part_background_color"":""#000000""}","2014-09-27T20:27:17.321Z","2014-09-27T20:27:17.321Z"
136,297,figure7,"{""boxes"":false,""text_font"":""Akkurat"",""text_color"":""#141414"",""heading_font"":""Akkurat"",""background_color"":""#ffffff"",""part_background_color"":""#ffffff""}","2014-10-28T14:33:16.843Z","2014-10-28T14:33:16.843Z"
137,130,anarosales,"{""boxes"":true,""text_font"":""Akkurat"",""text_color"":""#141414"",""heading_font"":""Akkurat"",""background_color"":""#ffffff"",""part_background_color"":""#ffffff""}","2015-03-11T11:30:59.523Z","2015-03-11T11:30:59.523Z"
138,8,leifi,"{""boxes"":false,""text_font"":""EB Garamond"",""text_color"":""#141414"",""heading_font"":""EB Garamond"",""background_color"":""#f5f5f5"",""part_background_color"":""#ffffff""}","2014-09-10T06:53:13.609Z","2014-09-10T06:53:13.609Z"
139,3,tuben,"{""boxes"":false,""text_font"":""VT323"",""text_color"":""#60D120"",""heading_font"":""Akkurat"",""background_color"":""#13A7A0"",""part_background_color"":""#0FDF70""}","2014-10-10T17:09:15.969Z","2014-10-10T17:09:15.969Z"
140,60,teokmadrid,"{""boxes"":true,""text_font"":""Akkurat"",""text_color"":""#141414"",""heading_font"":""Akkurat"",""background_color"":""#ffffff"",""part_background_color"":""#ffffff""}","2015-02-07T12:00:22.178Z","2015-02-07T12:00:22.178Z"
141,273,robotics,"{""boxes"":true,""text_font"":""Akkurat"",""text_color"":""#141414"",""heading_font"":""Akkurat"",""background_color"":""#f5f5f5"",""part_background_color"":""#ffffff""}","2014-10-10T16:12:07.410Z","2014-10-10T16:12:07.410Z"
142,187,testies,"{""boxes"":true,""text_font"":""Akkurat"",""text_color"":""#141414"",""heading_font"":""Akkurat"",""background_color"":""#000000"",""part_background_color"":""#ffffff""}","2014-10-24T13:12:03.823Z","2014-10-24T13:12:03.823Z"
143,42,dus,"{""boxes"":false,""text_font"":""Akkurat"",""text_color"":""#000000"",""heading_font"":""Akkurat"",""background_color"":""#ffffff"",""part_background_color"":""#f5f5f5""}","2014-11-08T00:43:30.733Z","2014-11-08T00:43:30.733Z"
144,15,asdfa,"{""boxes"":true,""text_font"":""Akkurat"",""text_color"":""#0040ff"",""heading_font"":""Akkurat"",""background_color"":""#f5f5f5"",""part_background_color"":""#ffffff""}","2014-10-04T17:19:54.198Z","2014-10-04T17:19:54.198Z"
145,3,test2,"{""boxes"":true,""text_font"":""Akkurat"",""text_color"":""#141414"",""heading_font"":""Akkurat"",""background_color"":""#f5f5f5"",""part_background_color"":""#ffffff""}","2014-10-10T13:38:03.622Z","2014-10-10T13:38:03.622Z"
146,145,asdfasdfasdfasdf,"{""boxes"":true,""text_font"":""Inconsolata"",""text_color"":""#65D7C0"",""heading_font"":""Nova Cut"",""background_color"":""#C1D5B0"",""part_background_color"":""#7076D0""}","2014-09-25T15:17:34.778Z","2014-09-25T15:17:34.778Z"
147,141,mael.lebriand,"{""boxes"":true,""text_font"":""Akkurat"",""text_color"":""#141414"",""heading_font"":""Akkurat"",""background_color"":""#f5f5f5"",""part_background_color"":""#f5f5f5""}","2015-02-24T18:13:47.971Z","2015-02-24T18:13:47.971Z"
148,93,mathias,"{""boxes"":false,""text_font"":""Akkurat"",""text_color"":""#3e37ba"",""heading_font"":""Akkurat"",""background_color"":""#fff3fa"",""part_background_color"":""#ffffff""}","2014-11-09T18:21:57.933Z","2014-11-09T18:21:57.933Z"
149,130,naaaa,"{""boxes"":false,""text_font"":""Akkurat"",""text_color"":""#000000"",""heading_font"":""Akkurat"",""background_color"":""#ffffff"",""part_background_color"":""#ffffff""}","2014-11-19T12:53:33.151Z","2014-11-19T12:53:33.151Z"
150,3,test3,"{""boxes"":true,""text_font"":""Akkurat"",""text_color"":""#141414"",""heading_font"":""Akkurat"",""background_color"":""#f5f5f5"",""part_background_color"":""#ffffff""}","2014-10-12T15:50:41.444Z","2014-10-12T15:50:41.444Z"
151,260,hobbitjonas,"{""boxes"":true,""text_font"":""Abril Fatface"",""text_color"":""#141414"",""heading_font"":""Akkurat"",""background_color"":""#f5f5f5"",""part_background_color"":""#ffffff""}","2014-10-24T14:34:53.332Z","2014-10-24T14:34:53.332Z"
152,8,minkompisanna,"{""boxes"":true,""text_font"":""Akkurat"",""text_color"":""#141414"",""heading_font"":""Akkurat"",""background_color"":""#f5f5f5"",""part_background_color"":""#ffffff""}","2014-10-29T20:30:16.486Z","2014-10-29T20:30:16.486Z"
153,265,wilmermurillo,"{""boxes"":false,""text_font"":""Arvo"",""text_color"":""#646566"",""heading_font"":""Akkurat"",""background_color"":""#ffffff"",""part_background_color"":""#ffffff""}","2015-01-06T04:32:27.490Z","2015-01-06T04:32:27.490Z"
154,158,wbebeb,"{""boxes"":true,""text_font"":""Akkurat"",""text_color"":""#141414"",""heading_font"":""Akkurat"",""background_color"":""#f5f5f5"",""part_background_color"":""#ffffff""}","2014-09-26T12:35:52.604Z","2014-09-26T12:35:52.604Z"
155,8,ddb,"{""boxes"":false,""text_font"":""Akkurat"",""text_color"":""#141414"",""heading_font"":""Akkurat"",""background_color"":""#ffffff"",""part_background_color"":""#ffffff""}","2014-10-07T07:25:26.571Z","2014-10-07T07:25:26.571Z"
156,282,jullewalles,"{""boxes"":true,""text_font"":""Akkurat"",""text_color"":""#141414"",""heading_font"":""Akkurat"",""background_color"":""#f5f5f5"",""part_background_color"":""#ffffff""}","2014-10-15T19:59:23.524Z","2014-10-15T19:59:23.524Z"
157,168,vrwverwrv,"{""boxes"":true,""text_font"":""Akkurat"",""text_color"":""#141414"",""heading_font"":""Akkurat"",""background_color"":""#f5f5f5"",""part_background_color"":""#ffffff""}","2014-09-26T11:40:34.567Z","2014-09-26T11:40:34.567Z"
158,201,felixmeunier,"{""boxes"":true,""text_font"":""Akkurat"",""text_color"":""#141414"",""heading_font"":""Josefin Sans"",""background_color"":""#f5f5f5"",""part_background_color"":""#ffffff""}","2015-02-17T15:18:42.176Z","2015-02-17T15:18:42.176Z"
159,295,jaanakristiina,"{""boxes"":true,""text_font"":""VT323"",""text_color"":""#1ef8ff"",""heading_font"":""Akkurat"",""background_color"":""#ffffff"",""part_background_color"":""#ffffff""}","2014-10-24T15:54:07.711Z","2014-10-24T15:54:07.711Z"
160,6,testxx,"{""boxes"":false,""text_font"":""Akkurat"",""text_color"":""#141414"",""heading_font"":""Akkurat"",""background_color"":""#f5f5f5"",""part_background_color"":""#38ff38""}","2015-03-10T10:20:02.496Z","2015-03-10T10:20:02.496Z"
161,8,postiesblog,"{""boxes"":false,""text_font"":""Akkurat"",""text_color"":""#141414"",""heading_font"":""Akkurat"",""background_color"":""#ffffff"",""part_background_color"":""#ffffff""}","2014-10-29T20:49:30.395Z","2014-10-29T20:49:30.395Z"
162,42,whenindoubtfuckitclub,"{""boxes"":false,""text_font"":""Nova Cut"",""text_color"":""#141414"",""heading_font"":""Akkurat"",""background_color"":""#ffffff"",""part_background_color"":""#ffffff""}","2014-11-12T18:55:55.446Z","2014-11-12T18:55:55.446Z"
163,30,internet,"{""boxes"":false,""text_font"":""Cherry Swash"",""text_color"":""#03ff25"",""heading_font"":""Geo"",""background_color"":""#000000"",""part_background_color"":""#ffffff""}","2014-10-15T21:40:46.396Z","2014-10-15T21:40:46.396Z"
164,72,cajsa,"{""boxes"":true,""text_font"":""Akkurat"",""text_color"":""#141414"",""heading_font"":""Akkurat"",""background_color"":""#f5f5f5"",""part_background_color"":""#ffffff""}","2014-10-06T20:02:53.475Z","2014-10-06T20:02:53.475Z"
165,225,ola,"{""boxes"":true,""text_font"":""Akkurat"",""text_color"":""#141414"",""heading_font"":""Akkurat"",""background_color"":""#ff033e"",""part_background_color"":""#ffffff""}","2014-11-27T09:59:29.822Z","2014-11-27T09:59:29.822Z"
166,31,test4test,"{""boxes"":true,""text_font"":""Akkurat"",""text_color"":""#141414"",""heading_font"":""Akkurat"",""background_color"":""#f5f5f5"",""part_background_color"":""#ffffff""}","2014-10-25T19:46:26.785Z","2014-10-25T19:46:26.785Z"
167,159,g3rgserg,"{""boxes"":true,""text_font"":""Akkurat"",""text_color"":""#ff6450"",""heading_font"":""Akkurat"",""background_color"":""#ff1793"",""part_background_color"":""#ffffff""}","2014-10-08T21:37:57.021Z","2014-10-08T21:37:57.021Z"
168,0,ðŸ˜Šh,"{""boxes"":true,""text_font"":""Akkurat"",""text_color"":""#141414"",""heading_font"":""Akkurat"",""background_color"":""#f5f5f5"",""part_background_color"":""#ffffff""}","2014-10-15T22:26:22.057Z","2014-10-15T22:26:22.057Z"
169,111,asdfasdfsadfasdfÂ©,"{""boxes"":true,""text_font"":""Akkurat"",""text_color"":""#141414"",""heading_font"":""Akkurat"",""background_color"":""#f5f5f5"",""part_background_color"":""#ffffff""}","2014-10-07T09:21:05.693Z","2014-10-07T09:21:05.693Z"
170,137,rosettaloveschrister,"{""boxes"":true,""text_font"":""Akkurat"",""text_color"":""#141414"",""heading_font"":""Akkurat"",""background_color"":""#f5f5f5"",""part_background_color"":""#ffffff""}","2014-11-14T14:11:57.588Z","2014-11-14T14:11:57.588Z"
171,22,webbsite.com,"{""boxes"":true,""text_font"":""Akkurat"",""text_color"":""#8344D0"",""heading_font"":""Neuton"",""background_color"":""#6E3400"",""part_background_color"":""#BB7390""}","2014-11-13T11:07:18.839Z","2014-11-13T11:07:18.839Z"
172,173,zomething,"{""boxes"":true,""text_font"":""Akkurat"",""text_color"":""#141414"",""heading_font"":""Akkurat"",""background_color"":""#f5f5f5"",""part_background_color"":""#ffffff""}","2014-10-10T16:25:53.823Z","2014-10-10T16:25:53.823Z"
173,210,niklas,"{""boxes"":false,""text_font"":""Arvo"",""text_color"":""#9BDA50"",""heading_font"":""Old Standard TT"",""background_color"":""#006C40"",""part_background_color"":""#A381E0""}","2014-11-13T12:20:58.147Z","2014-11-13T12:20:58.147Z"
174,229,lolman,"{""boxes"":false,""text_font"":""Fredoka One"",""text_color"":""#ffc941"",""heading_font"":""VT323"",""background_color"":""#4d0c10"",""part_background_color"":""#8affef""}","2014-10-24T15:11:45.543Z","2014-10-24T15:11:45.543Z"
175,261,bpbbubiuoi,"{""boxes"":true,""text_font"":""Akkurat"",""text_color"":""#dcffee"",""heading_font"":""Akkurat"",""background_color"":""#f5f5f5"",""part_background_color"":""#ffffff""}","2014-09-26T11:41:30.310Z","2014-09-26T11:41:30.310Z"
176,178,williamludwig.eu,"{""boxes"":true,""text_font"":""Akkurat"",""text_color"":""#141414"",""heading_font"":""Akkurat"",""background_color"":""#f5f5f5"",""part_background_color"":""#ffffff""}","2015-01-01T21:38:30.970Z","2015-01-01T21:38:30.970Z"
177,150,puppyboy,"{""boxes"":true,""text_font"":""sans-serif"",""text_color"":""#141414"",""heading_font"":""sans-serif"",""background_color"":""#f5f5f5"",""part_background_color"":""#ffffff""}","2014-09-09T20:28:11.376Z","2014-09-09T20:28:11.376Z"
178,253,testyoyoyo,"{""boxes"":true,""text_font"":""Akkurat"",""text_color"":""#141414"",""heading_font"":""Akkurat"",""background_color"":""#f5f5f5"",""part_background_color"":""#ffffff""}","2014-09-23T22:36:56.590Z","2014-09-23T22:36:56.590Z"
179,36,mikaeltestar,"{""boxes"":true,""text_font"":""Akkurat"",""text_color"":""#141414"",""heading_font"":""Akkurat"",""background_color"":""#bbf8ff"",""part_background_color"":""#ffffff""}","2014-12-09T16:19:37.455Z","2014-12-09T16:19:37.455Z"
180,102,dfasdfhaskdjfhas,"{""boxes"":true,""text_font"":""Akkurat"",""text_color"":""#141414"",""heading_font"":""Akkurat"",""background_color"":""#f5f5f5"",""part_background_color"":""#ffffff""}","2014-09-25T15:09:19.815Z","2014-09-25T15:09:19.815Z"
181,94,sweden,"{""boxes"":false,""text_font"":""Akkurat"",""text_color"":""#141414"",""heading_font"":""Akkurat"",""background_color"":""#f5f5f5"",""part_background_color"":""#ffffff""}","2014-11-03T09:48:23.840Z","2014-11-03T09:48:23.840Z"
182,156,edith,"{""boxes"":false,""text_font"":""Inconsolata"",""text_color"":""#4959e6"",""heading_font"":""Josefin Sans"",""background_color"":""#e6e6e8"",""part_background_color"":""#f0edf5""}","2014-11-12T19:29:50.525Z","2014-11-12T19:29:50.525Z"
183,183,tor,"{""boxes"":false,""text_font"":""Akkurat"",""text_color"":""#f3f4ff"",""heading_font"":""Akkurat"",""background_color"":""#000000"",""part_background_color"":""#ffffff""}","2014-10-15T22:25:13.733Z","2014-10-15T22:25:13.733Z"
184,105,asdasdasdaaaaaaa,"{""boxes"":true,""text_font"":""Akkurat"",""text_color"":""#141414"",""heading_font"":""Akkurat"",""background_color"":""#f5f5f5"",""part_background_color"":""#ffffff""}","2014-10-09T15:33:09.861Z","2014-10-09T15:33:09.861Z"
185,8,jakob,"{""boxes"":true,""text_font"":""Akkurat"",""text_color"":""#000000"",""heading_font"":""Akkurat"",""background_color"":""#ffffff"",""part_background_color"":""#ffffff""}","2015-03-27T08:28:28.834Z","2015-03-27T08:28:28.834Z"
186,185,nhgnfghn,"{""boxes"":true,""text_font"":""Akkurat"",""text_color"":""#141414"",""heading_font"":""Akkurat"",""background_color"":""#f5f5f5"",""part_background_color"":""#ffffff""}","2014-09-26T12:35:01.590Z","2014-09-26T12:35:01.590Z"
187,3,at,"{""boxes"":false,""text_font"":""Akkurat"",""text_color"":""#ff0178"",""heading_font"":""Akkurat"",""background_color"":""#ffffff"",""part_background_color"":""#ffffff""}","2014-10-29T09:37:24.623Z","2014-10-29T09:37:24.623Z"
188,283,fbo_live,"{""boxes"":true,""text_font"":""Akkurat"",""text_color"":""#141414"",""heading_font"":""Akkurat"",""background_color"":""#f5f5f5"",""part_background_color"":""#ffffff""}","2014-10-24T21:47:35.756Z","2014-10-24T21:47:35.756Z"
189,56,nima,"{""boxes"":false,""text_font"":""Akkurat"",""text_color"":""#ff54b8"",""heading_font"":""Text Me One"",""background_color"":""#ffffff"",""part_background_color"":""#ffffff""}","2014-10-30T08:59:18.198Z","2014-10-30T08:59:18.198Z"
190,172,slaveng,"{""boxes"":true,""text_font"":""Akkurat"",""text_color"":""#060f14"",""heading_font"":""Akkurat"",""background_color"":""#f5f5f5"",""part_background_color"":""#ffffff""}","2015-03-19T13:36:40.538Z","2015-03-19T13:36:40.538Z"
191,8,leifi,"{""boxes"":false,""text_font"":""Italiana"",""text_color"":""#4C7ED0"",""heading_font"":""Rokkitt"",""background_color"":""#125B20"",""part_background_color"":""#555AE0""}","2014-09-10T16:19:08.368Z","2014-09-10T16:19:08.368Z"
192,24,chubbz,"{""boxes"":true,""text_font"":""Akkurat"",""text_color"":""#141414"",""heading_font"":""Reenie Beanie"",""background_color"":""#f7eb3c"",""part_background_color"":""#ffffff""}","2014-10-25T22:23:57.538Z","2014-10-25T22:23:57.538Z"
193,139,djaeken,"{""boxes"":false,""text_font"":""Akkurat"",""text_color"":""#141414"",""heading_font"":""Akkurat"",""background_color"":""#ffffff"",""part_background_color"":""#ffffff""}","2015-02-12T15:30:45.951Z","2015-02-12T15:30:45.951Z"
194,252,kperry,"{""boxes"":true,""text_font"":""Akkurat"",""text_color"":""#141414"",""heading_font"":""Akkurat"",""background_color"":""#f5f5f5"",""part_background_color"":""#ffffff""}","2014-10-10T16:24:39.746Z","2014-10-10T16:24:39.746Z"
195,3,asdfasdfasfsdferesc,"{""boxes"":true,""text_font"":""Akkurat"",""text_color"":""#141414"",""heading_font"":""Akkurat"",""background_color"":""#f5f5f5"",""part_background_color"":""#ffffff""}","2014-10-10T17:01:14.006Z","2014-10-10T17:01:14.006Z"
196,223,stromgrn,"{""boxes"":true,""text_font"":""Akkurat"",""text_color"":""#141414"",""heading_font"":""Akkurat"",""background_color"":""#f5f5f5"",""part_background_color"":""#ffffff""}","2014-10-07T18:25:07.316Z","2014-10-07T18:25:07.316Z"
197,218,ilikegirls,"{""boxes"":true,""text_font"":""Libre Baskerville"",""text_color"":""#DFAD30"",""heading_font"":""Inconsolata"",""background_color"":""#560F20"",""part_background_color"":""#B8F7B0""}","2014-10-09T21:20:48.874Z","2014-10-09T21:20:48.874Z"
198,266,valerylemay.ca,"{""boxes"":false,""text_font"":""Nova Cut"",""text_color"":""#000000"",""heading_font"":""Nova Cut"",""background_color"":""#ffffff"",""part_background_color"":""#ffffff""}","2014-12-31T04:56:30.276Z","2014-12-31T04:56:30.276Z"
199,128,dirtybird,"{""boxes"":false,""text_font"":""Rokkitt"",""text_color"":""#4FBDA0"",""heading_font"":""Source Sans Pro"",""background_color"":""#EBDD70"",""part_background_color"":""#775770""}","2014-09-13T18:25:54.193Z","2014-09-13T18:25:54.193Z"
200,18,alexanderhadley+wwf,"{""boxes"":true,""text_font"":""Text Me One"",""text_color"":""#ddffd4"",""heading_font"":""Dosis"",""background_color"":""#13141f"",""part_background_color"":""#161e30""}","2014-12-04T10:30:26.163Z","2014-12-04T10:30:26.163Z"
201,109,yeezy,"{""boxes"":true,""text_font"":""Akkurat"",""text_color"":""#fafbff"",""heading_font"":""Fredoka One"",""background_color"":""#000000"",""part_background_color"":""#000000""}","2014-09-26T22:06:30.070Z","2014-09-26T22:06:30.070Z"
202,193,â˜ºâ˜ºâ˜º,"{""boxes"":false,""text_font"":""Fredoka One"",""text_color"":""#313700"",""heading_font"":""Fredoka One"",""background_color"":""#12BC60"",""part_background_color"":""#73F9D0""}","2014-10-07T09:26:25.675Z","2014-10-07T09:26:25.675Z"
203,188,feliksisaksen,"{""boxes"":false,""text_font"":""EB Garamond"",""text_color"":""#486949"",""heading_font"":""Archivo Narrow"",""background_color"":""#ffffff"",""part_background_color"":""#ffffff""}","2015-01-02T18:53:02.986Z","2015-01-02T18:53:02.986Z"
204,58,kth-fmml,"{""boxes"":false,""text_font"":""Neuton"",""text_color"":""#141414"",""heading_font"":""Akkurat"",""background_color"":""#ffffff"",""part_background_color"":""#ffffff""}","2014-11-06T14:06:22.849Z","2014-11-06T14:06:22.849Z"
205,34,program,"{""boxes"":true,""text_font"":""Lora"",""text_color"":""#141414"",""heading_font"":""Akkurat"",""background_color"":""#f5f5f5"",""part_background_color"":""#ffffff""}","2014-11-18T21:58:03.161Z","2014-11-18T21:58:03.161Z"
206,180,test,"{""boxes"":false,""text_font"":""Geo"",""text_color"":""#1E5DD0"",""heading_font"":""Josefin Sans"",""background_color"":""#B457A0"",""part_background_color"":""#1E7960""}","2014-10-28T14:35:47.968Z","2014-10-28T14:35:47.968Z"
207,45,baselnights,"{""boxes"":true,""text_font"":""Inconsolata"",""text_color"":""#131314"",""heading_font"":""Text Me One"",""background_color"":""#f5f5f5"",""part_background_color"":""#ffffff""}","2015-02-17T11:14:39.019Z","2015-02-17T11:14:39.019Z"
208,294,jordansibley,"{""boxes"":true,""text_font"":""Akkurat"",""text_color"":""#141414"",""heading_font"":""Akkurat"",""background_color"":""#f5f5f5"",""part_background_color"":""#ffffff""}","2015-01-03T00:27:41.063Z","2015-01-03T00:27:41.063Z"
209,47,oscar,"{""boxes"":true,""text_font"":""Karla"",""text_color"":""#ffffff"",""heading_font"":""Karla"",""background_color"":""#000000"",""part_background_color"":""#000000""}","2015-02-20T15:25:28.716Z","2015-02-20T15:25:28.716Z"
210,241,lol,"{""boxes"":true,""text_font"":""Italiana"",""text_color"":""#14EEC0"",""heading_font"":""Italiana"",""background_color"":""#B15140"",""part_background_color"":""#9A6340""}","2014-09-23T14:53:11.583Z","2014-09-23T14:53:11.583Z"
211,212,djdjdjdj,"{""boxes"":true,""text_font"":""Akkurat"",""text_color"":""#141414"",""heading_font"":""Akkurat"",""background_color"":""#f5f5f5"",""part_background_color"":""#ffffff""}","2014-09-26T12:22:41.634Z","2014-09-26T12:22:41.634Z"
212,217,guigui,"{""boxes"":true,""text_font"":""Akkurat"",""text_color"":""#141414"",""heading_font"":""Akkurat"",""background_color"":""#f5f5f5"",""part_background_color"":""#ffffff""}","2014-12-11T09:45:52.649Z","2014-12-11T09:45:52.649Z"
213,3,antontrollback,"{""boxes"":true,""text_font"":""Akkurat"",""text_color"":""#141414"",""heading_font"":""Akkurat"",""background_color"":""#98e2ff"",""part_background_color"":""#ffffff""}","2014-10-07T09:19:56.034Z","2014-10-07T09:19:56.034Z"
214,73,billevans,"{""boxes"":true,""text_font"":""Dosis"",""text_color"":""#086F60"",""heading_font"":""Text Me One"",""background_color"":""#8C1AB0"",""part_background_color"":""#4ACD10""}","2015-01-28T09:55:26.805Z","2015-01-28T09:55:26.805Z"
215,48,elektrisk_post,"{""boxes"":false,""text_font"":""Dosis"",""text_color"":""#21557a"",""heading_font"":""Dosis"",""background_color"":""#ffffff"",""part_background_color"":""#ffffff""}","2014-11-13T09:21:45.093Z","2014-11-13T09:21:45.093Z"
216,64,mystaplerica,"{""boxes"":true,""text_font"":""Akkurat"",""text_color"":""#141414"",""heading_font"":""Akkurat"",""background_color"":""#f5f5f5"",""part_background_color"":""#ffffff""}","2014-10-24T13:16:50.501Z","2014-10-24T13:16:50.501Z"
217,204,ujrfujr,"{""boxes"":true,""text_font"":""Akkurat"",""text_color"":""#141414"",""heading_font"":""Akkurat"",""background_color"":""#ba70ff"",""part_background_color"":""#ffffff""}","2014-09-26T12:25:01.803Z","2014-09-26T12:25:01.803Z"
218,166,asdfasdf,"{""boxes"":false,""text_font"":""Akkurat"",""text_color"":""#141414"",""heading_font"":""Akkurat"",""background_color"":""#ffffff"",""part_background_color"":""#f1fff5""}","2014-10-07T09:18:32.620Z","2014-10-07T09:18:32.620Z"
219,113,sender,"{""boxes"":true,""text_font"":""Akkurat"",""text_color"":""#141414"",""heading_font"":""Akkurat"",""background_color"":""#f5f5f5"",""part_background_color"":""#ffffff""}","2014-10-10T16:08:38.519Z","2014-10-10T16:08:38.519Z"
220,37,gretanordin,"{""boxes"":false,""text_font"":""Karla"",""text_color"":""#141414"",""heading_font"":""Karla"",""background_color"":""#ffffff"",""part_background_color"":""#ffffff""}","2015-02-16T13:35:24.475Z","2015-02-16T13:35:24.475Z"
221,69,hellothere,"{""boxes"":true,""text_font"":""Akkurat"",""text_color"":""#141414"",""heading_font"":""Akkurat"",""background_color"":""#f5f5f5"",""part_background_color"":""#ffffff""}","2014-10-10T16:26:55.176Z","2014-10-10T16:26:55.176Z"
222,51,malingabriella,"{""boxes"":true,""text_font"":""Akkurat"",""text_color"":""#000000"",""heading_font"":""Akkurat"",""background_color"":""#ffffff"",""part_background_color"":""#ffffff""}","2014-11-03T18:50:35.655Z","2014-11-03T18:50:35.655Z"
223,135,clarkwilliams.com,"{""boxes"":false,""text_font"":""Fredoka One"",""text_color"":""#fafbff"",""heading_font"":""VT323"",""background_color"":""#023300"",""part_background_color"":""#867460""}","2014-12-23T18:39:38.736Z","2014-12-23T18:39:38.736Z"
224,238,fasdfsadfasdf,"{""boxes"":true,""text_font"":""Akkurat"",""text_color"":""#141414"",""heading_font"":""Akkurat"",""background_color"":""#f5f5f5"",""part_background_color"":""#ffffff""}","2014-10-10T15:50:08.221Z","2014-10-10T15:50:08.221Z"
225,134,anizainiguez.com,"{""boxes"":false,""text_font"":""Akkurat"",""text_color"":""#141414"",""heading_font"":""Akkurat"",""background_color"":""#ffffff"",""part_background_color"":""#ffffff""}","2015-01-03T00:06:52.789Z","2015-01-03T00:06:52.789Z"
226,59,sepidar.se,"{""boxes"":false,""text_font"":""Karla"",""text_color"":""#0009ff"",""heading_font"":""Nova Cut"",""background_color"":""#ffffff"",""part_background_color"":""#ff033e""}","2015-01-15T12:18:38.168Z","2015-01-15T12:18:38.168Z"
227,66,writingbychinag,"{""boxes"":true,""text_font"":""Karla"",""text_color"":""#414142"",""heading_font"":""VT323"",""background_color"":""#f5f5f5"",""part_background_color"":""#ffffff""}","2014-11-28T16:55:07.047Z","2014-11-28T16:55:07.047Z"
228,177,antont,"{""boxes"":true,""text_font"":""Josefin Sans"",""text_color"":""#0ED020"",""heading_font"":""Rokkitt"",""background_color"":""#408D40"",""part_background_color"":""#FFFB70""}","2014-09-23T21:11:53.728Z","2014-09-23T21:11:53.728Z"
229,177,funk,"{""boxes"":true,""text_font"":""Akkurat"",""text_color"":""#fafbff"",""heading_font"":""Fredoka One"",""background_color"":""#000000"",""part_background_color"":""#000000""}","2014-09-27T09:01:01.100Z","2014-09-27T09:01:01.100Z"
230,100,waning,"{""boxes"":false,""text_font"":""Fredoka One"",""text_color"":""#000000"",""heading_font"":""Fredoka One"",""background_color"":""#ffffff"",""part_background_color"":""#ffffff""}","2015-02-27T18:01:18.810Z","2015-02-27T18:01:18.810Z"
231,251,bjkbjklbjlkblk,"{""boxes"":true,""text_font"":""Akkurat"",""text_color"":""#141414"",""heading_font"":""Akkurat"",""background_color"":""#f5f5f5"",""part_background_color"":""#ffffff""}","2014-09-26T11:40:05.422Z","2014-09-26T11:40:05.422Z"
232,125,scatteredspaces,"{""boxes"":false,""text_font"":""Akkurat"",""text_color"":""#141414"",""heading_font"":""Akkurat"",""background_color"":""#ffffff"",""part_background_color"":""#ffffff""}","2015-01-13T03:38:56.411Z","2015-01-13T03:38:56.411Z"
233,177,antont,"{""boxes"":true,""text_font"":""Josefin Sans"",""text_color"":""#0ED020"",""heading_font"":""Rokkitt"",""background_color"":""#408D40"",""part_background_color"":""#FFFB70""}","2014-09-23T21:12:05.965Z","2014-09-23T21:12:05.965Z"
234,65,linear,"{""boxes"":false,""text_font"":""Inconsolata"",""text_color"":""#000000"",""heading_font"":""Libre Baskerville"",""background_color"":""#ffffff"",""part_background_color"":""#C875E0""}","2014-11-03T23:31:52.389Z","2014-11-03T23:31:52.389Z"
235,162,buss,"{""boxes"":true,""text_font"":""Akkurat"",""text_color"":""#141414"",""heading_font"":""Akkurat"",""background_color"":""#f5f5f5"",""part_background_color"":""#ffffff""}","2014-10-07T11:07:19.140Z","2014-10-07T11:07:19.140Z"
236,106,aaaa,"{""boxes"":true,""text_font"":""Akkurat"",""text_color"":""#141414"",""heading_font"":""Akkurat"",""background_color"":""#f5f5f5"",""part_background_color"":""#ffffff""}","2014-10-08T18:32:35.305Z","2014-10-08T18:32:35.305Z"
237,118,love,"{""boxes"":true,""text_font"":""Akkurat"",""text_color"":""#141414"",""heading_font"":""Akkurat"",""background_color"":""#f5f5f5"",""part_background_color"":""#ffffff""}","2014-10-10T21:23:16.630Z","2014-10-10T21:23:16.630Z"
238,227,mislav,"{""boxes"":false,""text_font"":""Akkurat"",""text_color"":""#ffffff"",""heading_font"":""Akkurat"",""background_color"":""#000000"",""part_background_color"":""#ffffff""}","2015-01-22T12:02:38.234Z","2015-01-22T12:02:38.234Z"
239,103,writing on the slide,"{""boxes"":false,""text_font"":""Lora"",""text_color"":""#ff8a5c"",""heading_font"":""Lora"",""background_color"":""#ffffff"",""part_background_color"":""#ffffff""}","2015-01-02T12:23:19.038Z","2015-01-02T12:23:19.038Z"
240,18,alexanderhadley+taskrunner,"{""boxes"":true,""text_font"":""Text Me One"",""text_color"":""#ddffd4"",""heading_font"":""Dosis"",""background_color"":""#13141f"",""part_background_color"":""#161e30""}","2014-12-04T10:56:58.480Z","2014-12-04T10:56:58.480Z"
241,11,â˜º  âœŒ  â˜®,"{""boxes"":true,""text_font"":""Akkurat"",""text_color"":""#141414"",""heading_font"":""Akkurat"",""background_color"":""#f5f5f5"",""part_background_color"":""#ffffff""}","2014-10-07T09:22:09.197Z","2014-10-07T09:22:09.197Z"
242,91,azin,"{""boxes"":false,""text_font"":""Reenie Beanie"",""text_color"":""#141414"",""heading_font"":""sans-serif"",""background_color"":""#f5f5f5"",""part_background_color"":""#ffffff""}","2014-09-14T20:30:33.109Z","2014-09-14T20:30:33.109Z"
243,114,girlyman,"{""boxes"":true,""text_font"":""Inconsolata"",""text_color"":""#313236"",""heading_font"":""EB Garamond"",""background_color"":""#cdd1cb"",""part_background_color"":""#ede6eb""}","2014-09-13T12:07:12.305Z","2014-09-13T12:07:12.305Z"
244,3,test40,"{""boxes"":true,""text_font"":""Akkurat"",""text_color"":""#141414"",""heading_font"":""Akkurat"",""background_color"":""#f5f5f5"",""part_background_color"":""#ffffff""}","2014-11-04T17:58:58.505Z","2014-11-04T17:58:58.505Z"
245,49,asdasdasdaa,"{""boxes"":true,""text_font"":""Akkurat"",""text_color"":""#141414"",""heading_font"":""Akkurat"",""background_color"":""#f5f5f5"",""part_background_color"":""#ffffff""}","2014-10-08T08:01:06.334Z","2014-10-08T08:01:06.334Z"
246,45,posti.es/by//////baselnights/////,"{""boxes"":true,""text_font"":""Akkurat"",""text_color"":""#141414"",""heading_font"":""Akkurat"",""background_color"":""#f5f5f5"",""part_background_color"":""#ffffff""}","2015-02-17T08:42:00.674Z","2015-02-17T08:42:00.674Z"
247,119,okoskofko,"{""boxes"":true,""text_font"":""Akkurat"",""text_color"":""#141414"",""heading_font"":""Akkurat"",""background_color"":""#f5f5f5"",""part_background_color"":""#ffffff""}","2014-09-26T12:25:39.209Z","2014-09-26T12:25:39.209Z"
248,90,okokdf,"{""boxes"":false,""text_font"":""Akkurat"",""text_color"":""#141414"",""heading_font"":""Akkurat"",""background_color"":""#ffffff"",""part_background_color"":""#f1fff5""}","2014-10-01T17:36:44.277Z","2014-10-01T17:36:44.277Z"
249,8,leifi,"{""boxes"":false,""text_font"":""Italiana"",""text_color"":""#4C7ED0"",""heading_font"":""Rokkitt"",""background_color"":""#125B20"",""part_background_color"":""#555AE0""}","2014-09-10T16:19:10.943Z","2014-09-10T16:19:10.943Z"
250,14,heine/test1,"{""boxes"":true,""text_font"":""Akkurat"",""text_color"":""#141414"",""heading_font"":""Akkurat"",""background_color"":""#f5f5f5"",""part_background_color"":""#ffffff""}","2014-10-24T13:54:13.580Z","2014-10-24T13:54:13.580Z"
251,165,jdkskvgsk,"{""boxes"":true,""text_font"":""Akkurat"",""text_color"":""#141414"",""heading_font"":""Akkurat"",""background_color"":""#f5f5f5"",""part_background_color"":""#ffffff""}","2014-09-27T20:28:27.549Z","2014-09-27T20:28:27.549Z"
252,132,thehoneydrips,"{""boxes"":true,""text_font"":""EB Garamond"",""text_color"":""#141414"",""heading_font"":""Akkurat"",""background_color"":""#bbf8ff"",""part_background_color"":""#ffffff""}","2015-02-24T22:01:37.485Z","2015-02-24T22:01:37.485Z"
253,3,antontrollback,"{""boxes"":true,""text_font"":""Akkurat"",""text_color"":""#141414"",""heading_font"":""Akkurat"",""background_color"":""#98e2ff"",""part_background_color"":""#ffffff""}","2014-10-07T09:19:56.034Z","2014-10-07T09:19:56.034Z"
254,18,alexanderhadley+photoshop,"{""boxes"":true,""text_font"":""Text Me One"",""text_color"":""#ddffd4"",""heading_font"":""Dosis"",""background_color"":""#13141f"",""part_background_color"":""#161e30""}","2014-12-04T12:26:42.215Z","2014-12-04T12:26:42.215Z"
255,285,mw,"{""boxes"":true,""text_font"":""Akkurat"",""text_color"":""#ffffff"",""heading_font"":""Akkurat"",""background_color"":""#ff8f8f"",""part_background_color"":""#ff8f8f""}","2014-12-30T19:16:38.264Z","2014-12-30T19:16:38.264Z"
256,215,ashdfipashfd,"{""boxes"":true,""text_font"":""Akkurat"",""text_color"":""#141414"",""heading_font"":""Akkurat"",""background_color"":""#f5f5f5"",""part_background_color"":""#ffffff""}","2014-10-08T19:02:28.347Z","2014-10-08T19:02:28.347Z"
257,133,pissapa,"{""boxes"":true,""text_font"":""Akkurat"",""text_color"":""#141414"",""heading_font"":""Akkurat"",""background_color"":""#f5f5f5"",""part_background_color"":""#ffffff""}","2014-10-24T14:24:18.191Z","2014-10-24T14:24:18.191Z"
258,271,tonyton,"{""boxes"":false,""text_font"":""Open Sans"",""text_color"":""#71ff6a"",""heading_font"":""Reenie Beanie"",""background_color"":""#ff47e6"",""part_background_color"":""#ffb1b4""}","2014-09-23T21:32:17.906Z","2014-09-23T21:32:17.906Z"
259,247,test19,"{""boxes"":true,""text_font"":""Akkurat"",""text_color"":""#141414"",""heading_font"":""Akkurat"",""background_color"":""#f5f5f5"",""part_background_color"":""#ffffff""}","2014-10-10T17:14:51.153Z","2014-10-10T17:14:51.153Z"
260,3,test8,"{""boxes"":true,""text_font"":""Akkurat"",""text_color"":""#141414"",""heading_font"":""Akkurat"",""background_color"":""#f5f5f5"",""part_background_color"":""#ffffff""}","2014-10-10T15:40:17.701Z","2014-10-10T15:40:17.701Z"
261,256,niclasliljenby,"{""boxes"":false,""text_font"":""Archivo Narrow"",""text_color"":""#3c3c3d"",""heading_font"":""Dosis"",""background_color"":""#f2f7d3"",""part_background_color"":""#ffffff""}","2014-11-10T21:50:06.340Z","2014-11-10T21:50:06.340Z"
262,89,asdfasdfasd,"{""boxes"":true,""text_font"":""Akkurat"",""text_color"":""#141414"",""heading_font"":""Akkurat"",""background_color"":""#f5f5f5"",""part_background_color"":""#ffffff""}","2015-02-19T10:42:07.763Z","2015-02-19T10:42:07.763Z"
263,235,treewitheyes,"{""boxes"":true,""text_font"":""Akkurat"",""text_color"":""#141414"",""heading_font"":""Akkurat"",""background_color"":""#ffffff"",""part_background_color"":""#ffffff""}","2015-01-10T03:51:10.759Z","2015-01-10T03:51:10.759Z"
264,181,ronbot,"{""boxes"":true,""text_font"":""Akkurat"",""text_color"":""#141414"",""heading_font"":""Akkurat"",""background_color"":""#f5f5f5"",""part_background_color"":""#ffffff""}","2014-10-06T20:12:56.724Z","2014-10-06T20:12:56.724Z"
265,8,asddddddd,"{""boxes"":false,""text_font"":""EB Garamond"",""text_color"":""#141414"",""heading_font"":""EB Garamond"",""background_color"":""#f5f5f5"",""part_background_color"":""#ffffff""}","2014-10-15T19:13:29.702Z","2014-10-15T19:13:29.702Z"
266,77,temporarylove,"{""boxes"":true,""text_font"":""Nova Cut"",""text_color"":""#3a41ff"",""heading_font"":""Nova Cut"",""background_color"":""#fff8f8"",""part_background_color"":""#fff8f8""}","2014-12-03T16:44:30.649Z","2014-12-03T16:44:30.649Z"
267,82,de>zalv,"{""boxes"":true,""text_font"":""Anonymous Pro"",""text_color"":""#141414"",""heading_font"":""Akkurat"",""background_color"":""#f5f5f5"",""part_background_color"":""#ffffff""}","2015-03-09T03:53:12.628Z","2015-03-09T03:53:12.628Z"
268,296,johannanyberg,"{""boxes"":false,""text_font"":""Akkurat"",""text_color"":""#141414"",""heading_font"":""Akkurat"",""background_color"":""#ffffff"",""part_background_color"":""#ffffff""}","2015-01-04T22:01:55.832Z","2015-01-04T22:01:55.832Z"
269,17,dpdppd,"{""boxes"":true,""text_font"":""Akkurat"",""text_color"":""#141414"",""heading_font"":""Akkurat"",""background_color"":""#f5f5f5"",""part_background_color"":""#ffffff""}","2014-09-26T12:29:27.580Z","2014-09-26T12:29:27.580Z"
270,71,festen,"{""boxes"":false,""text_font"":""Text Me One"",""text_color"":""#ffffff"",""heading_font"":""Geo"",""background_color"":""#000000"",""part_background_color"":""#968FD0""}","2014-10-11T12:44:43.532Z","2014-10-11T12:44:43.532Z"
271,160,niih,"{""boxes"":true,""text_font"":""Akkurat"",""text_color"":""#141414"",""heading_font"":""Akkurat"",""background_color"":""#f5f5f5"",""part_background_color"":""#ffffff""}","2014-10-07T09:07:27.145Z","2014-10-07T09:07:27.145Z"
272,290,palindrom,"{""boxes"":false,""text_font"":""Akkurat"",""text_color"":""#ffffff"",""heading_font"":""Akkurat"",""background_color"":""#ff8f8f"",""part_background_color"":""#ffffff""}","2014-11-03T21:34:24.722Z","2014-11-03T21:34:24.722Z"
273,137,websiteinspiration,"{""boxes"":true,""text_font"":""Akkurat"",""text_color"":""#555657"",""heading_font"":""Akkurat"",""background_color"":""#e8eaed"",""part_background_color"":""#ffffff""}","2014-12-02T15:07:29.517Z","2014-12-02T15:07:29.517Z"
274,68,asdasdasdadasd,"{""boxes"":true,""text_font"":""Akkurat"",""text_color"":""#141414"",""heading_font"":""Akkurat"",""background_color"":""#f5f5f5"",""part_background_color"":""#ffffff""}","2014-10-08T18:36:57.657Z","2014-10-08T18:36:57.657Z"
275,205,soundwavemachine,"{""boxes"":true,""text_font"":""Akkurat"",""text_color"":""#141414"",""heading_font"":""Akkurat"",""background_color"":""#f5f5f5"",""part_background_color"":""#ffffff""}","2014-10-10T16:21:51.677Z","2014-10-10T16:21:51.677Z"
276,7,lols,"{""boxes"":true,""text_font"":""sans-serif"",""text_color"":""#141414"",""heading_font"":""sans-serif"",""background_color"":""#f5f5f5"",""part_background_color"":""#ffffff""}","2014-09-19T12:55:43.440Z","2014-09-19T12:55:43.440Z"
277,39,Ã¶l,"{""boxes"":true,""text_font"":""Akkurat"",""text_color"":""#141414"",""heading_font"":""Akkurat"",""background_color"":""#f5f5f5"",""part_background_color"":""#ffffff""}","2014-10-10T20:51:31.973Z","2014-10-10T20:51:31.973Z"
278,83,bajsar,"{""boxes"":true,""text_font"":""Akkurat"",""text_color"":""#141414"",""heading_font"":""Akkurat"",""background_color"":""#f5f5f5"",""part_background_color"":""#ffffff""}","2014-11-12T22:42:22.776Z","2014-11-12T22:42:22.776Z"
279,221,nej,"{""boxes"":true,""text_font"":""sans-serif"",""text_color"":""#141414"",""heading_font"":""sans-serif"",""background_color"":""#f5f5f5"",""part_background_color"":""#ffffff""}","2014-09-14T00:10:55.355Z","2014-09-14T00:10:55.355Z"
280,248,teoksantiago,"{""boxes"":true,""text_font"":""Akkurat"",""text_color"":""#141414"",""heading_font"":""Akkurat"",""background_color"":""#ffffff"",""part_background_color"":""#ffffff""}","2015-03-27T01:53:07.252Z","2015-03-27T01:53:07.252Z"
281,101,shahab,"{""boxes"":false,""text_font"":""Fredoka One"",""text_color"":""#141414"",""heading_font"":""Reenie Beanie"",""background_color"":""#ffac06"",""part_background_color"":""#ffffff""}","2014-10-26T12:57:43.798Z","2014-10-26T12:57:43.798Z"
282,264,forfest,"{""boxes"":false,""text_font"":""Josefin Sans"",""text_color"":""#dcfff5"",""heading_font"":""Neuton"",""background_color"":""#08B0F0"",""part_background_color"":""#09E6E0""}","2014-11-16T20:54:12.952Z","2014-11-16T20:54:12.952Z"
283,250,chicky,"{""boxes"":true,""text_font"":""Akkurat"",""text_color"":""#141414"",""heading_font"":""Akkurat"",""background_color"":""#f5f5f5"",""part_background_color"":""#ffffff""}","2015-02-21T20:17:40.889Z","2015-02-21T20:17:40.889Z"
284,8,ecdl,"{""boxes"":true,""text_font"":""Inconsolata"",""text_color"":""#141414"",""heading_font"":""Akkurat"",""background_color"":""#bbf8ff"",""part_background_color"":""#ffffff""}","2014-10-29T19:59:06.516Z","2014-10-29T19:59:06.516Z"
285,8,gifz,"{""boxes"":true,""text_font"":""Akkurat"",""text_color"":""#141414"",""heading_font"":""Inconsolata"",""background_color"":""#f5f5f5"",""part_background_color"":""#ffffff""}","2014-10-16T10:39:16.666Z","2014-10-16T10:39:16.666Z"
286,166,asdfasdf,"{""boxes"":false,""text_font"":""Akkurat"",""text_color"":""#141414"",""heading_font"":""Akkurat"",""background_color"":""#ffffff"",""part_background_color"":""#f1fff5""}","2014-10-07T09:18:32.620Z","2014-10-07T09:18:32.620Z"
287,180,test,"{""boxes"":false,""text_font"":""Geo"",""text_color"":""#1E5DD0"",""heading_font"":""Josefin Sans"",""background_color"":""#B457A0"",""part_background_color"":""#1E7960""}","2014-10-28T14:35:47.968Z","2014-10-28T14:35:47.968Z"
288,4,unicornmoodboard,"{""boxes"":true,""text_font"":""Text Me One"",""text_color"":""#ff85f0"",""heading_font"":""Abril Fatface"",""background_color"":""#fff5fb"",""part_background_color"":""#e3f6ff""}","2014-09-12T07:32:10.324Z","2014-09-12T07:32:10.324Z"
289,3,test-sorting,"{""boxes"":true,""text_font"":""Akkurat"",""text_color"":""#141414"",""heading_font"":""Akkurat"",""background_color"":""#f5f5f5"",""part_background_color"":""#ffffff""}","2014-10-28T17:02:01.263Z","2014-10-28T17:02:01.263Z"
290,18,alexanderhadley+cv,"{""boxes"":true,""text_font"":""Text Me One"",""text_color"":""#ddffd4"",""heading_font"":""Dosis"",""background_color"":""#13141f"",""part_background_color"":""#161e30""}","2014-12-09T12:53:35.246Z","2014-12-09T12:53:35.246Z"
291,128,dirtybird,"{""boxes"":false,""text_font"":""Rokkitt"",""text_color"":""#4FBDA0"",""heading_font"":""Source Sans Pro"",""background_color"":""#EBDD70"",""part_background_color"":""#775770""}","2014-09-13T18:25:45.530Z","2014-09-13T18:25:45.530Z"
292,244,djupvik,"{""boxes"":false,""text_font"":""Text Me One"",""text_color"":""#141414"",""heading_font"":""Text Me One"",""background_color"":""#ffffff"",""part_background_color"":""#ffffff""}","2015-02-20T09:21:44.316Z","2015-02-20T09:21:44.316Z"
293,117,lisawinter,"{""boxes"":true,""text_font"":""Akkurat"",""text_color"":""#141414"",""heading_font"":""Akkurat"",""background_color"":""#f5f5f5"",""part_background_color"":""#ffffff""}","2014-10-30T13:17:07.145Z","2014-10-30T13:17:07.145Z"
294,226,sdajnfaijsf@asdkjfnaskf.se,"{""boxes"":true,""text_font"":""Akkurat"",""text_color"":""#141414"",""heading_font"":""Akkurat"",""background_color"":""#f5f5f5"",""part_background_color"":""#ffffff""}","2014-10-08T19:03:55.861Z","2014-10-08T19:03:55.861Z"
295,274,asdfjj,"{""boxes"":true,""text_font"":""sans-serif"",""text_color"":""#141414"",""heading_font"":""sans-serif"",""background_color"":""#f5f5f5"",""part_background_color"":""#ffffff""}","2014-09-15T14:04:11.730Z","2014-09-15T14:04:11.730Z"
296,3,test5,"{""boxes"":true,""text_font"":""Akkurat"",""text_color"":""#141414"",""heading_font"":""Akkurat"",""background_color"":""#f5f5f5"",""part_background_color"":""#ffffff""}","2014-10-10T14:18:06.789Z","2014-10-10T14:18:06.789Z"
297,236,foozbar,"{""boxes"":true,""text_font"":""Akkurat"",""text_color"":""#141414"",""heading_font"":""Akkurat"",""background_color"":""#f5f5f5"",""part_background_color"":""#ffffff""}","2014-10-10T18:40:03.077Z","2014-10-10T18:40:03.077Z"
298,163,yrsydt,"{""boxes"":false,""text_font"":""Arvo"",""text_color"":""#BADE90"",""heading_font"":""VT323"",""background_color"":""#C3A6D0"",""part_background_color"":""#919BE0""}","2015-02-25T21:10:24.491Z","2015-02-25T21:10:24.491Z"
299,270,hackersgonnahack,"{""boxes"":false,""text_font"":""Akkurat"",""text_color"":""#141414"",""heading_font"":""Akkurat"",""background_color"":""#ffffff"",""part_background_color"":""#f1fff5""}","2014-10-07T15:35:44.552Z","2014-10-07T15:35:44.552Z"
300,18,alexanderhadley+programs,"{""boxes"":true,""text_font"":""Text Me One"",""text_color"":""#ddffd4"",""heading_font"":""Dosis"",""background_color"":""#13141f"",""part_background_color"":""#161e30""}","2015-01-14T09:12:24.934Z","2015-01-14T09:12:24.934Z"
301,277,alex,"{""boxes"":true,""text_font"":""Akkurat"",""text_color"":""#141414"",""heading_font"":""Akkurat"",""background_color"":""#f5f5f5"",""part_background_color"":""#ffffff""}","2014-10-24T19:01:46.146Z","2014-10-24T19:01:46.146Z"
302,129,cornerclub,"{""boxes"":true,""text_font"":""Fredoka One"",""text_color"":""#F28820"",""heading_font"":""Old Standard TT"",""background_color"":""#0A65C0"",""part_background_color"":""#CC45B0""}","2014-11-14T20:39:33.583Z","2014-11-14T20:39:33.583Z"
303,242,tillyglascodine,"{""boxes"":true,""text_font"":""Akkurat"",""text_color"":""#bfd2ed"",""heading_font"":""Akkurat"",""background_color"":""#ffffff"",""part_background_color"":""#ffffff""}","2014-12-30T02:25:41.198Z","2014-12-30T02:25:41.198Z"
304,170,hej,"{""boxes"":false,""text_font"":""EB Garamond"",""text_color"":""#23EB70"",""heading_font"":""Neuton"",""background_color"":""#F66660"",""part_background_color"":""#A9BE70""}","2014-11-12T19:38:27.850Z","2014-11-12T19:38:27.850Z"
305,3,testasfasdfasdf,"{""boxes"":true,""text_font"":""Akkurat"",""text_color"":""#141414"",""heading_font"":""Akkurat"",""background_color"":""#f5f5f5"",""part_background_color"":""#ffffff""}","2014-10-10T13:57:37.835Z","2014-10-10T13:57:37.835Z"
306,108,sophia,"{""boxes"":true,""text_font"":""sans-serif"",""text_color"":""#141414"",""heading_font"":""sans-serif"",""background_color"":""#f5f5f5"",""part_background_color"":""#ffffff""}","2014-09-10T11:48:43.290Z","2014-09-10T11:48:43.290Z"
307,213,posti.es/by/blue,"{""boxes"":true,""text_font"":""Akkurat"",""text_color"":""#141414"",""heading_font"":""Archivo Narrow"",""background_color"":""#f5f5f5"",""part_background_color"":""#ffffff""}","2014-11-17T12:48:35.253Z","2014-11-17T12:48:35.253Z"
308,61,leifz,"{""boxes"":true,""text_font"":""sans-serif"",""text_color"":""#141414"",""heading_font"":""sans-serif"",""background_color"":""#f5f5f5"",""part_background_color"":""#ffffff""}","2014-09-10T07:21:08.529Z","2014-09-10T07:21:08.529Z"
309,202,sdfasdfasfd,"{""boxes"":true,""text_font"":""Akkurat"",""text_color"":""#141414"",""heading_font"":""Akkurat"",""background_color"":""#f5f5f5"",""part_background_color"":""#9da4ff""}","2014-09-26T12:30:37.851Z","2014-09-26T12:30:37.851Z"
310,206,monokrom,"{""boxes"":false,""text_font"":""Akkurat"",""text_color"":""#fafbff"",""heading_font"":""Akkurat"",""background_color"":""#202121"",""part_background_color"":""#ffffff""}","2014-10-29T14:19:29.785Z","2014-10-29T14:19:29.785Z"
311,209,elingiczi,"{""boxes"":false,""text_font"":""Fredoka One"",""text_color"":""#163140"",""heading_font"":""Fredoka One"",""background_color"":""#c5ede3"",""part_background_color"":""#ffffff""}","2014-09-10T19:44:47.116Z","2014-09-10T19:44:47.116Z"
312,249,bieberg,"{""boxes"":true,""text_font"":""Raleway"",""text_color"":""#141414"",""heading_font"":""Chivo"",""background_color"":""#f5f5f5"",""part_background_color"":""#ffffff""}","2014-09-23T20:03:11.544Z","2014-09-23T20:03:11.544Z"
313,116,posties,"{""boxes"":false,""text_font"":""Akkurat"",""text_color"":""#141414"",""heading_font"":""Akkurat"",""background_color"":""#ffffff"",""part_background_color"":""#f1fff5""}","2015-03-17T14:49:58.467Z","2015-03-17T14:49:58.467Z"
314,19,spellmarket,"{""boxes"":true,""text_font"":""Akkurat"",""text_color"":""#141414"",""heading_font"":""Akkurat"",""background_color"":""#ff8f8f"",""part_background_color"":""#ffffff""}","2015-03-13T08:59:27.080Z","2015-03-13T08:59:27.080Z"
315,18,alexanderhadley+productdesign,"{""boxes"":true,""text_font"":""Text Me One"",""text_color"":""#ddffd4"",""heading_font"":""Dosis"",""background_color"":""#13141f"",""part_background_color"":""#161e30""}","2014-12-14T20:57:40.583Z","2014-12-14T20:57:40.583Z"
316,166,asdfasdf,"{""boxes"":false,""text_font"":""Akkurat"",""text_color"":""#141414"",""heading_font"":""Akkurat"",""background_color"":""#ffffff"",""part_background_color"":""#f1fff5""}","2014-10-07T09:18:32.620Z","2014-10-07T09:18:32.620Z"
317,98,emmagoldman,"{""boxes"":true,""text_font"":""Nova Cut"",""text_color"":""#f5ffff"",""heading_font"":""Fredoka One"",""background_color"":""#dff7bb"",""part_background_color"":""#ff6189""}","2014-09-30T20:11:23.659Z","2014-09-30T20:11:23.659Z"
318,18,alexanderhadley+nobelnightcap+globe,"{""boxes"":true,""text_font"":""Text Me One"",""text_color"":""#ddffd4"",""heading_font"":""Dosis"",""background_color"":""#13141f"",""part_background_color"":""#161e30""}","2014-12-14T21:17:02.895Z","2014-12-14T21:17:02.895Z"
319,275,asdfasdfasdf,"{""boxes"":true,""text_font"":""Akkurat"",""text_color"":""#141414"",""heading_font"":""Akkurat"",""background_color"":""#f5f5f5"",""part_background_color"":""#ffffff""}","2014-10-07T09:11:13.197Z","2014-10-07T09:11:13.197Z"
320,62,raquelpisetta,"{""boxes"":false,""text_font"":""Text Me One"",""text_color"":""#1a97ba"",""heading_font"":""Reenie Beanie"",""background_color"":""#f5f8ff"",""part_background_color"":""#658850""}","2015-03-21T16:55:25.202Z","2015-03-21T16:55:25.202Z"
321,291,asdfasdfjasdkfja,"{""boxes"":true,""text_font"":""Akkurat"",""text_color"":""#141414"",""heading_font"":""Akkurat"",""background_color"":""#f5f5f5"",""part_background_color"":""#ffffff""}","2014-11-02T13:35:31.246Z","2014-11-02T13:35:31.246Z"
322,263,asdkjsldgkjsldg,"{""boxes"":true,""text_font"":""Akkurat"",""text_color"":""#141414"",""heading_font"":""Akkurat"",""background_color"":""#f5f5f5"",""part_background_color"":""#ffffff""}","2014-10-08T07:48:04.372Z","2014-10-08T07:48:04.372Z"
323,5,www.performancegrammar.com,"{""boxes"":true,""text_font"":""Akkurat"",""text_color"":""#141414"",""heading_font"":""Akkurat"",""background_color"":""#f5f5f5"",""part_background_color"":""#ffffff""}","2015-02-16T15:02:31.780Z","2015-02-16T15:02:31.780Z"
324,46,ikikikikij,"{""boxes"":true,""text_font"":""Akkurat"",""text_color"":""#141414"",""heading_font"":""Akkurat"",""background_color"":""#98e2ff"",""part_background_color"":""#ffffff""}","2014-09-26T11:04:39.316Z","2014-09-26T11:04:39.316Z"
325,243,westleyyoung,"{""boxes"":true,""text_font"":""Akkurat"",""text_color"":""#141414"",""heading_font"":""Akkurat"",""background_color"":""#f5f5f5"",""part_background_color"":""#ffffff""}","2015-01-03T21:26:07.442Z","2015-01-03T21:26:07.442Z"
326,8,aaaaaaaaaaaaaa,"{""boxes"":true,""text_font"":""VT323"",""text_color"":""#141414"",""heading_font"":""Akkurat"",""background_color"":""#f5f5f5"",""part_background_color"":""#ffffff""}","2014-10-15T19:15:16.325Z","2014-10-15T19:15:16.325Z"
327,18,alexanderhadley+about,"{""boxes"":true,""text_font"":""Text Me One"",""text_color"":""#ddffd4"",""heading_font"":""Dosis"",""background_color"":""#13141f"",""part_background_color"":""#161e30""}","2014-12-04T12:00:48.829Z","2014-12-04T12:00:48.829Z"
328,78,all-is-full-of-love,"{""boxes"":false,""text_font"":""Inconsolata"",""text_color"":""#d4dfff"",""heading_font"":""VT323"",""background_color"":""#181f26"",""part_background_color"":""#ffffff""}","2014-11-13T10:37:55.801Z","2014-11-13T10:37:55.801Z"
329,287,trollilol,"{""boxes"":false,""text_font"":""Akkurat"",""text_color"":""#000000"",""heading_font"":""Akkurat"",""background_color"":""#78edd2"",""part_background_color"":""#ffffff""}","2014-10-01T18:24:15.261Z","2014-10-01T18:24:15.261Z"
330,246,andreas,"{""boxes"":true,""text_font"":""Josefin Sans"",""text_color"":""#dbc8c8"",""heading_font"":""Reenie Beanie"",""background_color"":""#f5f5f5"",""part_background_color"":""#ab6f6f""}","2014-09-10T21:07:00.472Z","2014-09-10T21:07:00.472Z"
331,3,test90,"{""boxes"":true,""text_font"":""Akkurat"",""text_color"":""#141414"",""heading_font"":""Akkurat"",""background_color"":""#f5f5f5"",""part_background_color"":""#ffffff""}","2014-10-12T18:29:37.233Z","2014-10-12T18:29:37.233Z"
332,115,jakobe,"{""boxes"":true,""text_font"":""sans-serif"",""text_color"":""#141414"",""heading_font"":""sans-serif"",""background_color"":""#f5f5f5"",""part_background_color"":""#ffffff""}","2014-09-21T13:39:29.925Z","2014-09-21T13:39:29.925Z"
333,8,leifi,"{""boxes"":false,""text_font"":""Italiana"",""text_color"":""#4C7ED0"",""heading_font"":""Rokkitt"",""background_color"":""#125B20"",""part_background_color"":""#555AE0""}","2014-09-10T16:19:12.795Z","2014-09-10T16:19:12.795Z"
334,136,webdeprueba,"{""boxes"":false,""text_font"":""Text Me One"",""text_color"":""#141414"",""heading_font"":""Text Me One"",""background_color"":""#ffffff"",""part_background_color"":""#ffffff""}","2014-12-30T20:21:02.232Z","2014-12-30T20:21:02.232Z"
335,112,lomenosprobable,"{""boxes"":true,""text_font"":""Josefin Sans"",""text_color"":""#141414"",""heading_font"":""Akkurat"",""background_color"":""#f7f1cc"",""part_background_color"":""#ecffd3""}","2014-12-31T10:12:13.192Z","2014-12-31T10:12:13.192Z"
336,42,donutpwint,"{""boxes"":true,""text_font"":""Akkurat"",""text_color"":""#141414"",""heading_font"":""Fredoka One"",""background_color"":""#f5f5f5"",""part_background_color"":""#ffffff""}","2014-12-04T07:19:08.513Z","2014-12-04T07:19:08.513Z"
337,198,asdasdasdaaaa,"{""boxes"":true,""text_font"":""Akkurat"",""text_color"":""#141414"",""heading_font"":""Akkurat"",""background_color"":""#f5f5f5"",""part_background_color"":""#ffffff""}","2014-10-08T18:35:11.984Z","2014-10-08T18:35:11.984Z"
338,146,pierre,"{""boxes"":true,""text_font"":""EB Garamond"",""text_color"":""#141414"",""heading_font"":""EB Garamond"",""background_color"":""#f5f5f5"",""part_background_color"":""#ffffff""}","2014-10-29T22:57:49.725Z","2014-10-29T22:57:49.725Z"
339,167,juanodriozola.com,"{""boxes"":true,""text_font"":""Akkurat"",""text_color"":""#141414"",""heading_font"":""Akkurat"",""background_color"":""#f5f5f5"",""part_background_color"":""#ffffff""}","2015-01-20T12:59:13.440Z","2015-01-20T12:59:13.440Z"
340,145,asdfasdfasdfasdf,"{""boxes"":true,""text_font"":""Inconsolata"",""text_color"":""#65D7C0"",""heading_font"":""Nova Cut"",""background_color"":""#C1D5B0"",""part_background_color"":""#7076D0""}","2014-09-25T15:17:34.778Z","2014-09-25T15:17:34.778Z"
341,4,sannafre,"{""boxes"":true,""text_font"":""Text Me One"",""text_color"":""#141414"",""heading_font"":""Akkurat"",""background_color"":""#f5f5f5"",""part_background_color"":""#ffffff""}","2015-02-17T11:56:44.669Z","2015-02-17T11:56:44.669Z"
342,288,dddddddddd,"{""boxes"":true,""text_font"":""Akkurat"",""text_color"":""#141414"",""heading_font"":""Akkurat"",""background_color"":""#f5f5f5"",""part_background_color"":""#ffffff""}","2014-10-08T08:03:17.732Z","2014-10-08T08:03:17.732Z"
343,166,asdfasdf,"{""boxes"":false,""text_font"":""Akkurat"",""text_color"":""#141414"",""heading_font"":""Akkurat"",""background_color"":""#ffffff"",""part_background_color"":""#f1fff5""}","2014-10-07T09:18:32.620Z","2014-10-07T09:18:32.620Z"
344,128,dirtybird,"{""boxes"":false,""text_font"":""Rokkitt"",""text_color"":""#4FBDA0"",""heading_font"":""Source Sans Pro"",""background_color"":""#EBDD70"",""part_background_color"":""#775770""}","2014-09-13T18:26:25.349Z","2014-09-13T18:26:25.349Z"
345,293,teste,"{""boxes"":true,""text_font"":""Dosis"",""text_color"":""#000b14"",""heading_font"":""Akkurat"",""background_color"":""#f3f705"",""part_background_color"":""#ffffff""}","2014-11-12T19:37:26.335Z","2014-11-12T19:37:26.335Z"
346,153,website,"{""boxes"":true,""text_font"":""Akkurat"",""text_color"":""#141414"",""heading_font"":""Akkurat"",""background_color"":""#f5f5f5"",""part_background_color"":""#ffffff""}","2014-10-09T11:03:20.903Z","2014-10-09T11:03:20.903Z"
347,191,asdfasdfasdf123,"{""boxes"":true,""text_font"":""Akkurat"",""text_color"":""#141414"",""heading_font"":""Akkurat"",""background_color"":""#f5f5f5"",""part_background_color"":""#ffffff""}","2014-11-03T21:57:43.654Z","2014-11-03T21:57:43.654Z"
348,67,dddddaaa,"{""boxes"":true,""text_font"":""Akkurat"",""text_color"":""#141414"",""heading_font"":""Akkurat"",""background_color"":""#f5f5f5"",""part_background_color"":""#ffffff""}","2014-10-08T08:03:46.355Z","2014-10-08T08:03:46.355Z"
349,104,dfarvavsd,"{""boxes"":false,""text_font"":""Akkurat"",""text_color"":""#141414"",""heading_font"":""Akkurat"",""background_color"":""#ffffff"",""part_background_color"":""#f1fff5""}","2014-10-01T14:15:27.873Z","2014-10-01T14:15:27.873Z"
350,195,testitest,"{""boxes"":false,""text_font"":""Akkurat"",""text_color"":""#ffba70"",""heading_font"":""Akkurat"",""background_color"":""#dafff1"",""part_background_color"":""#ffffff""}","2014-10-11T11:25:17.898Z","2014-10-11T11:25:17.898Z"
351,19,henrikkanekrans,"{""boxes"":true,""text_font"":""Akkurat"",""text_color"":""#141414"",""heading_font"":""Akkurat"",""background_color"":""#ff8f8f"",""part_background_color"":""#ffffff""}","2015-03-10T10:41:05.852Z","2015-03-10T10:41:05.852Z"
352,26,asdfhasidjfnasdkfaisf,"{""boxes"":true,""text_font"":""Akkurat"",""text_color"":""#141414"",""heading_font"":""Akkurat"",""background_color"":""#f5f5f5"",""part_background_color"":""#ffffff""}","2014-10-08T18:26:25.798Z","2014-10-08T18:26:25.798Z"
353,131,vadbehoversverige,"{""boxes"":false,""text_font"":""VT323"",""text_color"":""#000000"",""heading_font"":""VT323"",""background_color"":""#ffffff"",""part_background_color"":""#ffffff""}","2014-10-08T22:30:44.983Z","2014-10-08T22:30:44.983Z"
354,3,antontrollback,"{""boxes"":true,""text_font"":""Akkurat"",""text_color"":""#141414"",""heading_font"":""Akkurat"",""background_color"":""#98e2ff"",""part_background_color"":""#ffffff""}","2014-10-07T09:19:56.034Z","2014-10-07T09:19:56.034Z"
355,169,nathorstbÃ¶Ã¶s,"{""boxes"":false,""text_font"":""Arvo"",""text_color"":""#fefcff"",""heading_font"":""Josefin Sans"",""background_color"":""#7d7e80"",""part_background_color"":""#2705D0""}","2014-11-09T13:15:33.193Z","2014-11-09T13:15:33.193Z"
356,186,hejhejhej,"{""boxes"":false,""text_font"":""Karla"",""text_color"":""#f1fff1"",""heading_font"":""Dosis"",""background_color"":""#ff6817"",""part_background_color"":""#fbfff1""}","2014-12-05T08:10:53.490Z","2014-12-05T08:10:53.490Z"
357,120,august,"{""boxes"":true,""text_font"":""Akkurat"",""text_color"":""#141414"",""heading_font"":""Akkurat"",""background_color"":""#f5f5f5"",""part_background_color"":""#f5f5f5""}","2014-11-24T14:01:21.302Z","2014-11-24T14:01:21.302Z"
358,196,asdasdasd,"{""boxes"":true,""text_font"":""Akkurat"",""text_color"":""#11a6bf"",""heading_font"":""Akkurat"",""background_color"":""#edffa6"",""part_background_color"":""#11a6bf""}","2014-10-07T16:48:57.084Z","2014-10-07T16:48:57.084Z"
359,3,test4,"{""boxes"":true,""text_font"":""Akkurat"",""text_color"":""#141414"",""heading_font"":""Akkurat"",""background_color"":""#f5f5f5"",""part_background_color"":""#ffffff""}","2014-10-25T15:39:58.002Z","2014-10-25T15:39:58.002Z"
360,66,posti.es/by/keepwriting,"{""boxes"":true,""text_font"":""Karla"",""text_color"":""#969799"",""heading_font"":""Akkurat"",""background_color"":""#f5f5f5"",""part_background_color"":""#ffffff""}","2014-11-28T16:05:29.221Z","2014-11-28T16:05:29.221Z"
361,123,livet,"{""boxes"":true,""text_font"":""Anonymous Pro"",""text_color"":""#F6D640"",""heading_font"":""Old Standard TT"",""background_color"":""#334400"",""part_background_color"":""#EF7A40""}","2014-11-14T20:46:23.671Z","2014-11-14T20:46:23.671Z"
362,275,asdfasdfasdf,"{""boxes"":true,""text_font"":""Akkurat"",""text_color"":""#141414"",""heading_font"":""Akkurat"",""background_color"":""#f5f5f5"",""part_background_color"":""#ffffff""}","2014-10-07T09:11:13.197Z","2014-10-07T09:11:13.197Z"
363,8,hemmafest2014,"{""boxes"":false,""text_font"":""Akkurat"",""text_color"":""#ffffff"",""heading_font"":""Akkurat"",""background_color"":""#000000"",""part_background_color"":""#ffffff""}","2014-10-12T18:08:29.297Z","2014-10-12T18:08:29.297Z"
364,157,pleaseletmetravel,"{""boxes"":true,""text_font"":""Akkurat"",""text_color"":""#141414"",""heading_font"":""Akkurat"",""background_color"":""#f5f5f5"",""part_background_color"":""#ffffff""}","2014-10-24T15:05:26.218Z","2014-10-24T15:05:26.218Z"
365,289,joarnot,"{""boxes"":true,""text_font"":""Akkurat"",""text_color"":""#141414"",""heading_font"":""Akkurat"",""background_color"":""#fff9ef"",""part_background_color"":""#fff9ef""}","2014-11-14T18:24:13.854Z","2014-11-14T18:24:13.854Z"
366,43,annakhai,"{""boxes"":true,""text_font"":""Akkurat"",""text_color"":""#141414"",""heading_font"":""Akkurat"",""background_color"":""#f5f5f5"",""part_background_color"":""#ffffff""}","2014-10-04T12:41:46.785Z","2014-10-04T12:41:46.785Z"
367,275,asdfasdfasdf,"{""boxes"":true,""text_font"":""Akkurat"",""text_color"":""#141414"",""heading_font"":""Akkurat"",""background_color"":""#f5f5f5"",""part_background_color"":""#ffffff""}","2014-10-07T09:11:13.197Z","2014-10-07T09:11:13.197Z"